temperature,ph_level,turbidity,temp_delta,ph_delta,turb_delta,is_safe
26.73,7.43,18.09,0.09,0.03,0.31,1
31.72,7.19,15.85,-0.19,0.06,0.03,1
30.04,6.71,31.01,2.9,0.81,29.22,0
28.43,8.35,36.02,1.68,-0.66,22.56,0
37.43,5.51,68.14,-0.26,-0.05,0.8,0
27.64,7.35,11.99,0.22,0.09,-0.92,1
35.96,10.15,93.38,-0.08,0.07,-0.13,0
31.22,7.61,9.95,-0.17,-0.09,0.04,1
29.2,7.08,24.48,-2.21,0.65,23.9,0
30.31,8.17,0.51,-0.16,-0.05,-0.9,1
29.43,7.95,22.09,-2.07,-0.72,27.55,0
29.35,7.64,0.26,0.29,0.07,-0.17,1
25.93,8.22,3.02,-0.2,-0.01,-0.32,1
25.3,6.93,41.28,2.66,0.51,27.4,0
27.59,6.94,16.97,-0.25,-0.02,0.93,1
26.14,8.36,10.39,-0.29,-0.09,-0.94,1
31.28,8.23,3.39,0.18,-0.01,-0.3,1
25.23,6.83,42.17,2.9,-0.98,26.37,0
24.37,10.42,68.27,0.16,0.0,0.27,0
27.87,7.22,18.55,-0.02,0.03,0.68,1
20.04,10.18,37.65,0.2,-0.08,0.09,0
29.69,7.61,15.35,1.78,0.77,39.9,0
28.24,7.08,38.75,1.81,0.73,15.17,0
21.35,9.46,79.69,-0.24,-0.08,0.92,0
35.65,5.81,89.9,-0.18,-0.07,0.86,0
25.76,8.42,35.2,-2.11,-0.86,37.96,0
29.65,7.99,40.6,2.63,0.83,30.75,0
27.41,6.75,16.73,-0.1,0.01,0.06,1
26.65,7.03,17.3,0.01,0.0,-0.61,1
28.2,7.91,14.08,-0.28,0.04,0.28,1
30.14,7.89,8.12,-0.23,-0.02,-0.95,1
27.83,6.73,5.96,0.13,0.09,0.18,1
26.28,7.15,4.98,0.02,-0.09,0.36,1
30.23,7.57,18.71,0.26,0.09,-0.37,1
29.25,7.87,47.96,-2.46,0.82,33.71,0
33.08,4.52,43.85,0.11,0.03,-0.49,0
27.55,7.95,4.42,0.08,-0.06,0.46,1
29.97,7.79,16.88,-0.12,0.02,0.88,1
28.59,7.37,31.83,-1.54,-0.66,25.9,0
31.17,7.83,6.79,-0.09,0.08,-0.2,1
26.44,7.71,15.47,0.29,0.08,-0.57,1
26.51,7.34,11.47,0.22,0.04,-0.63,1
28.02,7.88,9.01,-0.22,-0.07,-0.54,1
24.4,5.52,90.79,-0.17,0.05,-0.95,0
30.14,8.26,17.51,0.06,-0.01,-0.87,1
26.57,8.36,11.09,0.26,-0.04,-0.79,1
29.83,6.97,48.98,2.08,0.68,20.29,0
27.63,7.46,9.77,-0.01,-0.05,-0.25,1
35.4,9.47,87.35,0.27,0.01,0.37,0
31.84,6.72,14.11,0.28,-0.05,0.05,1
27.93,7.67,21.06,2.35,-0.96,36.45,0
31.65,7.04,43.5,1.63,0.87,32.68,0
24.45,5.38,45.59,0.25,0.08,-0.04,0
34.37,9.02,42.14,0.06,0.02,0.56,0
27.64,7.97,5.93,-0.23,0.08,0.13,1
28.88,8.2,7.77,-0.24,-0.08,-0.18,1
26.37,7.37,4.47,-0.25,0.09,-0.6,1
32.79,9.97,55.63,-0.18,-0.03,0.47,0
26.26,7.86,30.35,2.38,-0.58,17.66,0
25.3,7.02,35.93,2.13,-0.68,30.46,0
28.0,7.31,18.13,0.01,-0.05,0.39,1
28.85,6.52,5.09,-0.2,0.03,-0.66,1
29.46,6.97,8.39,0.28,0.0,0.86,1
21.39,10.46,91.47,0.17,0.04,-0.36,0
30.77,6.93,10.89,0.05,-0.03,-0.28,1
28.36,6.94,3.14,-0.02,0.06,0.32,1
29.68,8.4,19.51,-0.29,0.01,0.53,1
29.86,7.24,41.5,2.64,0.6,34.38,0
28.82,8.19,12.29,0.12,-0.08,-0.18,1
28.12,7.6,24.61,2.09,0.58,18.47,0
33.48,4.55,35.53,0.01,-0.05,-0.56,0
26.6,8.23,48.18,-1.57,-0.52,37.63,0
37.72,5.06,86.32,-0.29,0.1,0.93,0
30.69,8.01,11.1,0.18,-0.06,-0.3,1
32.9,6.19,36.94,0.25,-0.05,-0.28,0
28.13,7.69,6.07,0.27,-0.08,0.02,1
27.81,8.22,23.15,-2.15,-0.73,38.12,0
30.78,6.9,15.31,0.11,-0.04,-0.1,1
27.46,8.36,34.66,2.88,-0.72,30.42,0
30.24,6.95,18.3,0.03,0.04,0.3,1
31.48,6.53,18.05,0.29,-0.01,0.61,1
26.17,7.36,18.54,-0.07,-0.01,-0.61,1
27.54,6.54,10.95,0.08,-0.06,-0.06,1
30.79,7.16,4.4,-0.26,-0.09,-0.47,1
27.62,7.53,41.71,1.7,0.89,30.97,0
31.05,7.05,10.36,-0.16,0.08,-0.14,1
32.96,8.93,87.57,0.28,-0.05,0.13,0
26.95,8.23,33.67,1.75,0.5,19.31,0
31.98,6.93,9.45,-0.22,-0.03,0.95,1
26.65,6.81,13.06,-0.16,-0.0,-0.89,1
26.93,8.36,3.17,0.04,0.1,-0.64,1
34.76,5.59,74.14,0.22,-0.03,0.36,0
28.35,8.18,13.72,0.13,0.07,0.17,1
31.52,6.64,0.84,-0.08,-0.03,0.33,1
37.06,9.88,40.97,-0.16,-0.01,0.26,0
27.19,6.75,9.18,-0.15,-0.08,-0.79,1
30.06,7.84,5.36,0.26,0.01,-0.43,1
25.87,8.46,8.1,-0.15,-0.02,-0.43,1
25.49,6.86,11.85,0.29,-0.02,-0.48,1
31.19,6.71,7.54,0.22,-0.06,0.17,1
29.96,8.2,20.89,-1.74,-0.58,35.12,0
30.8,7.95,6.88,-0.29,0.09,0.83,1
26.05,8.05,26.8,2.27,-0.65,17.19,0
30.57,6.9,6.27,0.08,0.05,-0.27,1
31.13,6.83,48.55,-2.37,-0.89,25.29,0
31.64,7.04,15.33,-0.2,0.02,0.13,1
34.3,4.36,40.25,-0.12,0.07,-0.71,0
25.98,7.23,19.87,-0.06,0.01,0.47,1
29.47,7.74,14.77,-0.3,0.0,0.53,1
26.67,8.44,9.06,0.16,0.06,-0.05,1
36.32,4.16,46.07,-0.26,-0.05,-0.36,0
25.97,7.77,14.61,0.22,-0.05,-0.79,1
27.12,8.08,6.42,0.23,-0.09,-0.87,1
34.83,5.75,52.34,0.15,0.07,-0.26,0
26.63,6.61,10.51,-0.23,0.02,0.2,1
29.72,6.8,2.4,-0.12,0.06,-0.76,1
27.05,7.56,16.39,2.26,-0.78,15.99,0
26.35,6.56,3.35,-0.16,0.06,0.92,1
25.2,7.96,0.86,0.2,-0.03,-0.73,1
27.89,7.54,5.43,-0.02,-0.05,-0.09,1
29.6,6.81,17.5,0.26,0.04,0.32,1
26.62,6.68,17.63,0.23,0.0,0.55,1
26.99,6.54,12.55,-0.04,0.05,0.87,1
27.38,8.21,18.43,0.22,-0.07,0.42,1
26.68,6.94,32.72,2.72,-0.6,30.65,0
26.24,7.79,16.78,-0.13,0.09,-0.11,1
27.41,7.6,3.72,0.12,-0.05,0.71,1
25.7,8.25,8.32,-0.28,0.01,-0.1,1
26.16,7.08,46.01,-2.37,-0.95,18.79,0
26.65,6.52,37.97,-1.8,-0.52,36.85,0
30.15,7.48,19.21,0.27,0.1,0.16,1
29.16,6.53,7.81,-0.07,-0.03,0.82,1
27.98,7.69,16.11,0.05,-0.01,0.46,1
28.67,8.07,5.84,-0.27,-0.06,-0.66,1
29.95,7.16,15.96,-0.08,0.07,0.72,1
30.47,7.25,10.39,0.08,-0.06,-0.26,1
27.62,7.12,4.29,-0.01,0.07,0.51,1
31.06,7.4,44.43,2.54,-0.88,39.4,0
29.06,6.94,0.35,-0.15,-0.06,0.04,1
25.5,7.22,1.07,-0.2,0.02,-0.57,1
29.52,7.16,14.93,-0.07,-0.04,0.91,1
29.82,7.84,6.27,0.01,0.08,-0.86,1
33.16,5.17,59.7,0.09,0.05,-0.95,0
25.17,7.18,11.55,-0.04,-0.09,0.2,1
29.61,6.81,17.15,-0.07,-0.05,-0.26,1
27.32,8.17,5.21,-0.1,-0.01,-0.79,1
26.59,7.05,12.26,0.19,-0.01,0.69,1
22.89,9.17,56.73,0.3,-0.04,-0.61,0
22.36,10.44,75.89,0.25,-0.03,0.54,0
36.59,6.18,85.59,0.26,0.06,0.24,0
30.0,7.53,7.55,-0.0,0.02,0.73,1
30.75,6.5,1.57,-0.22,0.09,-0.8,1
29.76,7.74,15.84,-0.28,-0.0,-0.09,1
31.13,7.39,2.98,-0.25,-0.05,-0.07,1
29.86,7.56,13.68,0.11,0.02,0.2,1
28.4,7.35,0.04,-0.28,0.06,0.33,1
23.6,9.11,74.44,-0.16,0.07,0.69,0
31.26,8.27,10.19,0.08,0.08,-0.07,1
25.41,8.28,1.07,0.17,0.09,-0.46,1
31.95,7.6,49.43,2.13,0.91,17.08,0
29.3,8.28,22.02,-1.64,-0.91,16.8,0
28.16,8.34,33.68,-2.26,-0.62,15.98,0
25.33,8.42,29.69,2.04,-0.93,17.57,0
29.36,7.67,13.96,-0.18,-0.06,0.59,1
36.64,5.37,98.55,-0.17,0.01,0.08,0
31.34,6.95,13.17,0.07,-0.02,0.24,1
27.71,8.09,36.32,2.79,0.97,16.6,0
35.67,4.95,48.82,-0.21,0.08,-0.61,0
28.26,7.49,40.2,2.28,-0.66,25.11,0
31.17,6.55,17.12,2.66,0.51,36.7,0
28.19,7.21,14.65,0.08,-0.05,0.1,1
30.34,8.21,14.41,0.25,-0.01,-0.31,1
28.4,7.26,18.75,-0.21,0.04,-0.53,1
29.84,8.37,15.89,0.03,0.05,-0.32,1
31.59,7.88,24.21,2.21,-0.55,34.92,0
27.21,7.3,12.03,0.02,-0.02,-0.96,1
30.18,6.84,44.31,-2.68,-0.59,27.99,0
24.31,9.68,40.31,-0.13,-0.01,-0.52,0
30.37,8.12,15.44,-0.06,0.0,0.12,1
26.6,8.07,16.97,0.12,0.03,-0.51,1
31.02,7.17,9.24,-0.02,-0.05,0.55,1
20.0,9.14,73.86,0.22,-0.01,-0.1,0
26.99,7.24,5.74,0.0,-0.04,0.79,1
26.33,6.71,12.92,0.23,-0.08,-0.29,1
29.65,7.15,34.24,2.14,-0.91,36.62,0
28.15,8.48,1.98,-0.24,0.04,-0.69,1
25.77,6.68,12.25,0.17,-0.02,-0.2,1
28.86,8.45,10.56,0.07,0.04,0.52,1
33.49,5.14,88.76,0.04,0.06,-0.99,0
31.9,8.04,20.03,2.8,-0.62,16.27,0
27.39,7.69,18.37,-2.07,-0.86,24.36,0
30.24,7.17,9.97,0.12,0.02,0.15,1
20.83,5.45,57.07,0.2,-0.05,-0.12,0
23.41,9.7,73.26,-0.09,-0.08,-0.89,0
28.48,6.64,1.19,0.21,-0.01,0.45,1
30.01,8.15,9.2,-0.25,0.09,0.72,1
30.11,6.82,16.35,0.25,-0.02,0.55,1
29.31,6.63,19.54,0.02,-0.02,-0.9,1
24.03,10.39,73.77,0.12,-0.04,-0.02,0
26.33,8.3,1.07,0.09,-0.07,-0.82,1
29.19,7.33,16.77,0.06,0.04,-0.61,1
29.26,8.23,2.72,0.21,0.04,0.71,1
29.87,8.4,5.67,-0.1,-0.08,-0.17,1
37.39,9.31,70.76,-0.2,0.07,0.81,0
28.88,7.17,2.79,-0.02,0.04,-0.51,1
24.19,5.56,78.02,0.22,0.0,-0.64,0
26.44,6.89,10.4,-0.15,0.05,-0.76,1
23.42,8.81,86.84,-0.27,0.06,0.65,0
31.21,7.16,15.53,0.12,-0.07,-0.78,1
29.03,7.51,47.47,-3.0,0.8,38.53,0
28.99,6.76,3.95,-0.24,-0.09,0.21,1
27.07,7.98,3.92,0.04,0.07,0.03,1
29.13,7.91,13.51,0.1,-0.02,0.38,1
27.86,6.89,1.7,0.25,-0.0,0.14,1
25.0,7.86,4.73,-0.02,-0.07,0.85,1
23.38,4.95,48.82,-0.03,0.1,-0.03,0
31.06,7.81,14.29,-0.08,0.09,-0.63,1
28.53,6.8,19.46,0.25,-0.05,0.55,1
26.92,7.48,16.81,0.07,-0.0,0.77,1
28.05,7.21,16.53,-0.27,0.05,-0.79,1
31.63,6.99,4.47,-0.17,0.08,0.06,1
25.92,6.63,2.56,0.02,0.1,0.62,1
36.4,5.62,68.71,-0.21,-0.08,0.98,0
35.13,9.25,40.89,0.14,-0.04,0.35,0
25.91,7.3,7.22,-0.14,-0.09,-0.39,1
29.13,6.95,13.74,-0.21,-0.09,-0.25,1
27.87,7.5,16.49,-0.17,-0.01,0.86,1
27.4,7.92,40.08,2.85,-0.87,38.24,0
28.71,6.96,36.79,-2.49,-0.54,35.96,0
29.42,8.48,20.11,-2.13,-0.83,28.38,0
28.95,7.93,3.25,-0.07,0.04,-0.78,1
37.01,10.26,67.34,0.05,0.0,0.55,0
23.61,9.51,86.44,0.12,-0.1,0.52,0
26.72,7.31,4.26,-0.23,0.08,-0.66,1
31.32,7.68,18.21,-0.11,-0.09,0.13,1
27.32,8.01,9.81,-0.25,-0.04,0.82,1
34.57,10.21,99.8,0.04,0.06,0.0,0
30.54,6.65,2.98,-0.08,-0.03,0.59,1
27.28,6.71,17.0,-0.22,0.09,-0.51,1
26.91,8.14,3.43,-0.17,0.01,-0.25,1
29.51,6.71,18.69,0.04,0.01,-0.1,1
26.44,6.78,10.13,-0.05,0.05,-0.55,1
37.87,5.49,68.88,-0.19,0.04,-0.97,0
25.21,8.48,38.02,2.05,0.59,35.49,0
31.83,7.06,14.44,-0.02,0.05,0.84,1
28.12,8.34,8.04,-0.21,-0.09,0.17,1
29.92,6.68,9.46,-0.24,0.0,-0.21,1
25.98,6.83,16.99,1.57,-0.61,24.68,0
27.13,7.06,0.99,-0.06,-0.05,-0.4,1
30.49,8.44,31.99,2.02,0.96,39.29,0
30.54,8.07,15.24,0.24,0.01,-0.6,1
22.84,5.87,91.23,-0.19,0.03,0.22,0
22.83,9.1,99.74,-0.16,0.1,0.13,0
26.21,8.5,7.82,0.02,0.01,0.15,1
27.77,6.62,2.1,0.14,-0.0,0.45,1
26.12,8.19,40.19,2.46,-0.92,29.43,0
26.92,7.06,0.55,-0.09,-0.02,-0.19,1
37.05,4.57,78.91,-0.1,-0.1,0.88,0
25.63,7.6,19.99,-0.01,-0.0,0.03,1
25.94,8.37,9.04,0.13,-0.01,-0.09,1
30.58,7.2,9.11,0.24,-0.05,-0.11,1
26.92,7.04,9.66,0.03,-0.06,-0.62,1
35.57,5.81,87.82,-0.19,-0.08,0.09,0
31.75,6.66,16.9,0.04,-0.05,-0.04,1
27.9,7.47,0.62,0.18,-0.07,-0.12,1
34.65,10.13,80.65,0.16,0.1,0.21,0
23.6,5.12,73.01,0.27,-0.0,0.52,0
25.34,7.07,37.76,-2.58,0.56,22.12,0
34.61,6.08,96.88,-0.28,0.06,0.03,0
25.03,8.33,13.73,-0.28,0.05,0.65,1
37.97,9.38,77.97,-0.25,0.02,-0.38,0
29.91,7.0,2.61,0.24,0.06,-0.89,1
27.82,7.35,5.88,0.02,-0.01,-1.0,1
27.49,6.51,39.42,2.48,-0.88,34.92,0
26.48,6.91,7.82,0.26,-0.09,-0.99,1
36.59,4.22,63.21,-0.3,0.02,0.44,0
30.52,7.38,3.5,-0.18,0.09,-0.8,1
28.43,6.58,12.05,-0.04,-0.05,-0.87,1
28.29,8.19,29.37,2.54,0.74,28.35,0
29.38,6.57,1.94,0.28,-0.08,-0.92,1
20.05,5.58,83.78,-0.21,-0.01,0.04,0
27.25,6.56,5.7,0.2,0.1,-0.88,1
26.14,8.05,8.84,0.07,0.03,0.99,1
30.16,7.12,12.13,0.29,-0.09,0.86,1
31.88,8.2,12.75,-0.05,-0.07,0.25,1
28.38,6.8,9.29,-0.28,0.06,0.29,1
30.44,7.73,14.55,-0.15,0.05,-0.28,1
26.87,8.48,4.05,0.26,-0.05,0.92,1
25.66,8.24,17.26,-0.09,0.08,0.2,1
25.23,6.56,7.23,0.27,0.07,-0.11,1
22.84,10.11,62.3,-0.04,0.03,0.89,0
26.83,7.9,18.98,-2.94,0.97,26.37,0
30.25,8.37,17.21,0.23,-0.04,-0.88,1
35.91,10.36,64.48,-0.21,-0.0,-0.52,0
27.54,8.37,29.83,2.14,0.85,36.61,0
30.23,6.78,9.09,0.09,-0.04,0.48,1
26.07,6.82,49.7,-1.96,-0.7,28.64,0
30.03,6.72,31.99,-1.68,-0.93,33.36,0
35.1,10.5,52.95,-0.01,-0.01,0.01,0
31.47,7.27,19.19,-0.09,0.02,0.22,1
31.86,7.95,5.32,-0.16,0.08,-0.14,1
31.01,7.92,18.79,-0.15,0.08,-0.66,1
26.43,7.37,12.16,0.09,0.03,0.38,1
30.02,8.47,14.14,0.24,0.05,-0.9,1
36.02,4.96,61.77,-0.01,-0.08,0.26,0
29.08,7.18,10.77,-0.15,-0.05,0.49,1
27.49,7.93,16.56,-2.32,0.62,16.54,0
28.97,6.69,15.55,-0.15,0.04,-0.2,1
29.91,7.13,4.72,-0.28,0.1,0.18,1
30.52,7.47,21.03,-2.76,-0.66,24.12,0
27.74,6.67,19.29,0.23,0.02,-0.94,1
29.81,7.97,0.44,-0.27,0.06,-0.3,1
21.55,9.34,89.98,-0.01,-0.1,-0.69,0
28.84,7.62,0.95,0.1,-0.08,0.33,1
26.77,7.79,39.04,-1.54,-0.65,37.01,0
29.2,7.53,4.85,-0.19,-0.01,0.15,1
30.38,8.29,5.02,-0.26,0.04,-0.64,1
29.37,7.22,27.53,2.07,0.66,30.96,0
26.52,7.17,7.54,-0.3,-0.05,-0.02,1
27.62,8.1,16.73,-0.04,-0.07,0.43,1
27.83,7.13,28.61,-2.31,-0.95,17.24,0
31.7,7.86,25.01,-1.64,-0.66,20.68,0
21.15,4.59,61.75,-0.28,0.0,-0.43,0
29.56,8.31,43.09,1.54,0.7,29.88,0
21.49,10.47,71.23,-0.18,-0.08,-0.33,0
31.0,7.8,4.61,0.02,-0.02,0.48,1
29.4,6.54,6.16,-0.06,-0.06,-0.9,1
25.9,8.05,20.37,2.78,-0.65,21.3,0
25.08,6.83,47.99,1.9,-0.77,25.61,0
31.92,7.99,12.06,0.14,-0.04,0.76,1
27.22,8.44,8.34,0.15,0.04,0.6,1
31.08,6.67,24.06,-2.11,0.85,29.84,0
30.75,6.69,4.57,-0.03,0.01,0.65,1
34.16,9.44,50.41,-0.04,0.06,-0.17,0
30.07,7.31,37.57,-2.91,-0.59,21.69,0
28.62,7.62,0.09,0.05,0.02,0.83,1
31.11,7.35,7.72,-0.29,-0.07,0.57,1
23.09,9.58,59.49,-0.1,0.03,0.34,0
28.09,7.01,19.5,0.08,-0.04,-0.59,1
22.38,4.07,80.62,-0.04,-0.09,-0.44,0
22.17,9.83,62.82,-0.22,-0.07,-0.32,0
27.53,7.93,24.51,2.65,-0.78,25.0,0
30.7,7.4,19.49,0.02,0.02,0.02,1
26.74,7.09,8.01,-0.25,-0.09,-0.56,1
31.13,7.82,43.3,1.76,0.65,26.47,0
28.36,6.77,14.31,0.12,-0.06,-0.35,1
29.13,8.2,8.34,-0.24,0.09,-0.63,1
27.52,6.67,13.5,-0.05,0.08,-0.69,1
31.66,6.95,44.15,-2.96,0.81,16.68,0
25.57,6.76,15.82,-0.05,-0.09,0.83,1
22.65,9.68,35.36,-0.26,-0.08,-0.77,0
30.42,8.17,25.54,2.88,0.73,19.81,0
27.34,6.95,7.29,-0.08,-0.05,0.91,1
29.33,6.79,14.61,0.29,-0.07,0.36,1
30.3,7.01,36.78,-2.89,-0.57,29.87,0
28.17,7.24,29.14,-2.28,-0.64,23.14,0
30.45,7.9,4.87,0.12,-0.09,0.27,1
31.52,7.51,16.06,-2.02,-0.77,39.54,0
25.27,6.83,7.26,-0.05,0.08,-0.83,1
31.82,8.0,10.06,-0.13,0.09,0.78,1
31.25,6.68,14.58,0.03,-0.01,-0.27,1
26.5,7.34,17.8,0.16,0.09,-0.07,1
28.89,7.61,14.78,0.18,0.06,-0.92,1
31.65,8.35,7.77,-0.06,0.03,-0.94,1
28.38,7.54,12.03,-0.01,-0.03,0.28,1
29.8,7.86,4.4,-0.09,-0.1,-0.25,1
31.49,8.1,43.22,1.82,-0.78,30.79,0
29.76,7.67,14.47,0.14,-0.07,-0.4,1
26.22,7.89,1.95,-0.28,-0.0,-0.65,1
27.3,8.28,36.03,-1.97,-0.67,30.24,0
28.42,8.07,16.51,0.05,0.09,0.32,1
20.11,4.89,70.53,0.28,-0.05,0.29,0
31.71,8.31,15.14,-0.02,-0.0,-0.95,1
28.88,7.54,0.84,0.16,-0.02,-0.95,1
25.12,7.09,33.1,2.36,0.99,21.48,0
30.12,6.97,27.13,1.74,0.62,23.59,0
31.2,8.47,21.98,2.7,-0.72,26.2,0
27.79,7.77,11.3,-0.03,-0.03,0.74,1
29.96,7.05,14.92,-0.05,-0.01,0.41,1
37.89,5.87,85.86,0.23,0.08,-0.19,0
30.82,7.06,8.87,-0.05,0.0,0.31,1
26.5,7.32,16.58,0.05,0.06,0.37,1
35.78,4.27,89.56,0.15,-0.06,-0.27,0
25.72,6.59,16.68,2.3,-0.7,39.4,0
30.3,7.98,36.83,2.34,0.77,31.89,0
26.47,7.45,17.02,-0.12,0.04,0.1,1
25.35,7.62,0.91,0.09,-0.04,0.25,1
30.63,6.78,14.26,0.18,0.07,-0.88,1
30.01,8.23,44.39,-2.6,-0.72,26.81,0
25.18,7.29,17.5,0.24,-0.05,0.52,1
30.02,8.5,13.83,-0.18,-0.06,0.49,1
28.88,7.75,1.16,-0.14,-0.03,0.23,1
31.82,7.85,18.94,0.24,-0.06,0.57,1
31.79,6.87,6.54,-0.12,-0.0,-0.97,1
26.35,8.47,5.79,-0.26,0.09,0.59,1
26.58,7.14,13.62,0.28,0.04,0.36,1
31.29,8.21,9.81,0.03,-0.09,-0.09,1
35.6,10.44,40.37,-0.3,0.03,-0.74,0
26.73,8.37,8.12,0.26,-0.01,0.1,1
25.36,8.22,1.96,-0.17,-0.03,0.6,1
31.29,8.04,15.0,0.26,-0.04,-0.52,1
30.24,6.95,39.21,2.45,0.51,36.83,0
29.61,8.11,12.99,0.02,-0.04,-0.79,1
25.78,7.67,25.52,2.7,-0.72,16.76,0
30.84,8.24,36.46,2.58,0.65,23.09,0
29.66,8.49,35.59,-2.87,0.76,30.37,0
34.04,10.35,35.36,0.27,0.05,0.29,0
31.02,6.94,11.19,0.07,-0.02,0.56,1
26.21,7.12,0.8,-0.11,-0.06,0.73,1
29.31,6.69,8.1,-0.08,-0.05,-0.54,1
31.79,7.33,31.09,-2.31,-0.83,24.8,0
25.71,7.33,19.79,-0.15,-0.06,0.71,1
30.05,6.72,3.47,-0.19,0.05,0.04,1
25.4,7.48,15.84,-0.22,0.05,-0.34,1
26.5,7.09,23.68,-1.63,0.5,27.91,0
29.79,8.48,3.94,-0.04,-0.06,-0.69,1
23.85,6.19,96.23,-0.24,-0.09,0.36,0
21.41,4.49,54.73,-0.25,0.06,-0.57,0
27.29,7.63,41.59,2.61,0.97,21.45,0
27.4,6.53,12.39,0.23,-0.06,0.05,1
20.74,4.92,71.37,-0.24,0.04,-0.6,0
26.87,7.38,7.73,-0.18,0.09,-0.07,1
25.29,7.77,19.51,0.13,0.02,-0.43,1
29.89,8.15,25.7,-2.36,-1.0,33.28,0
28.25,7.91,17.34,0.29,0.02,-0.67,1
27.84,7.18,40.08,2.25,0.68,34.79,0
30.16,8.35,19.37,0.11,-0.1,-0.98,1
26.64,8.4,11.56,0.22,0.08,0.85,1
30.23,7.72,21.52,1.84,-0.68,30.89,0
30.23,6.56,19.82,0.02,-0.02,0.18,1
24.35,9.92,78.38,0.13,0.07,0.67,0
27.2,8.47,5.35,-0.12,0.02,-0.86,1
30.49,7.26,15.19,0.08,0.03,-0.16,1
29.27,7.22,4.82,-0.17,-0.0,0.15,1
25.96,8.17,4.17,-0.09,0.01,-0.09,1
31.26,6.94,14.77,-0.04,-0.02,0.77,1
35.12,5.57,84.56,-0.08,-0.02,0.8,0
28.86,6.9,1.32,0.18,0.06,-0.33,1
26.48,7.1,16.16,-2.98,0.85,26.73,0
26.82,7.54,25.22,-1.79,-0.64,38.61,0
29.02,6.94,15.27,-0.13,0.05,1.0,1
36.77,4.08,56.42,-0.26,0.08,-0.52,0
25.26,7.82,10.87,-0.09,-0.03,0.89,1
26.78,7.0,4.98,-0.19,0.04,-0.67,1
28.75,7.06,0.67,-0.12,0.02,-0.06,1
21.24,9.04,70.04,-0.3,-0.04,-0.55,0
27.51,7.45,42.81,1.87,-0.99,23.2,0
31.63,7.07,15.49,-0.02,-0.09,0.18,1
31.2,8.28,12.73,-0.3,-0.09,0.75,1
26.25,8.26,34.7,2.8,-0.87,36.4,0
25.2,8.37,0.73,-0.26,-0.06,0.56,1
29.31,6.72,12.11,0.08,-0.01,0.39,1
34.83,9.01,42.57,-0.16,0.08,0.1,0
29.95,7.32,2.04,-0.02,0.03,-0.71,1
25.63,8.1,18.59,0.12,0.02,-0.09,1
28.45,7.93,13.2,-0.28,0.02,0.04,1
25.86,6.59,8.59,0.27,0.03,0.44,1
30.05,8.25,10.96,-0.0,-0.08,0.91,1
28.08,6.83,8.14,0.06,0.04,-0.7,1
31.57,7.99,40.6,2.84,-0.72,19.57,0
24.46,9.87,76.75,-0.29,0.07,-0.13,0
22.48,9.37,80.14,0.14,-0.1,-0.76,0
22.72,5.27,43.33,0.3,0.05,-0.71,0
22.36,5.82,88.82,0.07,0.08,0.41,0
31.41,7.83,7.34,-0.21,-0.03,0.46,1
25.05,7.65,2.89,0.03,-0.07,0.21,1
27.8,6.78,17.99,2.82,0.9,21.62,0
32.77,4.59,58.06,-0.13,-0.05,-0.05,0
28.93,6.56,37.15,2.45,0.96,38.62,0
29.11,7.28,19.19,0.2,-0.03,-0.99,1
25.46,7.07,9.79,-0.28,-0.09,0.05,1
27.35,8.39,6.9,0.03,0.09,0.52,1
29.21,7.56,13.3,-0.12,0.01,-0.88,1
28.44,6.88,39.27,2.91,-0.82,32.09,0
26.73,7.92,11.54,-0.17,0.08,0.66,1
26.4,7.92,8.48,0.12,-0.09,-0.93,1
27.93,7.19,9.36,0.23,-0.01,0.88,1
26.02,7.08,12.35,-0.1,0.04,-0.43,1
31.8,7.98,46.4,-2.23,0.83,16.12,0
29.61,7.54,49.61,2.24,0.69,36.79,0
25.01,7.17,22.05,-1.87,-0.89,22.23,0
26.68,7.96,12.88,0.19,-0.01,0.67,1
30.89,6.6,12.06,-0.17,-0.04,-0.99,1
26.63,7.42,16.86,-0.22,0.03,-0.64,1
30.62,8.0,0.1,0.16,0.01,-0.37,1
22.36,5.29,73.66,-0.23,0.0,0.43,0
29.95,8.31,0.27,-0.28,0.07,-0.44,1
29.44,6.62,9.2,-0.01,0.09,0.7,1
30.76,8.38,8.18,0.28,0.03,-0.18,1
27.06,6.62,42.59,1.55,0.7,33.16,0
26.45,8.12,0.15,-0.28,0.05,0.74,1
33.08,5.87,67.82,0.25,0.02,0.34,0
36.44,9.04,45.81,0.18,-0.09,-0.6,0
27.7,8.11,6.19,-0.17,0.02,0.56,1
30.54,6.69,9.35,0.08,-0.09,0.06,1
27.4,7.92,9.28,-0.22,0.02,-0.3,1
21.46,8.94,83.39,-0.06,-0.02,-0.18,0
25.64,8.11,16.51,-0.11,0.07,-0.63,1
25.02,7.82,10.25,0.06,0.06,-0.52,1
25.57,8.34,21.16,-1.86,-0.52,17.01,0
26.45,8.24,8.9,0.27,0.05,-0.36,1
23.79,9.16,38.7,0.3,-0.06,-0.21,0
37.04,9.07,84.68,-0.21,-0.01,-0.69,0
30.45,8.11,19.38,0.19,0.02,-0.77,1
31.34,6.85,13.23,0.18,0.04,-0.26,1
26.75,7.98,7.12,0.27,-0.04,-0.06,1
36.33,5.73,45.28,0.17,0.06,-1.0,0
21.06,4.94,99.74,-0.08,0.03,0.39,0
29.19,8.04,14.31,-0.09,-0.01,0.1,1
30.47,7.09,20.4,2.87,0.59,16.24,0
25.94,6.93,15.88,0.05,0.06,0.79,1
27.86,8.45,4.89,-0.01,0.09,0.76,1
29.64,7.38,19.36,0.21,0.07,-0.95,1
31.15,7.15,4.38,0.0,0.07,0.16,1
35.51,5.03,38.36,-0.2,-0.05,-0.36,0
25.77,8.26,9.94,0.05,-0.01,-0.63,1
22.13,5.89,74.06,-0.27,-0.04,0.02,0
26.57,7.31,14.86,-0.25,-0.05,0.7,1
29.6,7.61,18.31,-2.3,0.96,31.71,0
26.18,7.59,35.51,2.71,0.79,19.41,0
30.58,6.6,47.44,-1.65,-0.87,16.67,0
20.06,5.1,65.65,-0.1,-0.08,-0.57,0
26.82,7.32,12.23,0.14,0.01,0.77,1
27.52,6.76,43.0,-2.9,0.58,27.32,0
33.1,9.51,81.07,-0.21,-0.07,-0.85,0
31.94,8.27,40.83,1.64,-0.9,32.52,0
31.5,6.82,6.83,-0.18,0.09,-0.6,1
30.17,7.98,42.78,-2.98,-0.85,19.87,0
32.0,7.41,18.21,-0.05,-0.06,-0.12,1
31.71,7.51,16.48,0.04,-0.05,0.74,1
27.44,7.23,49.62,-2.49,-0.79,37.31,0
27.65,8.36,17.77,-2.78,0.92,31.02,0
36.77,10.12,75.21,-0.28,-0.05,0.33,0
31.94,7.02,2.37,0.26,-0.05,-0.95,1
31.7,7.25,19.6,0.07,-0.03,-0.74,1
28.23,7.0,7.39,-0.27,0.1,-0.32,1
27.76,8.09,42.94,-1.61,-0.95,25.39,0
37.5,10.31,48.88,0.15,0.05,-0.62,0
31.16,7.29,15.32,-0.09,0.09,-0.96,1
30.01,6.8,3.24,0.25,0.02,-0.04,1
26.81,8.19,8.24,-0.25,-0.02,0.71,1
32.96,6.08,84.43,-0.02,-0.02,-0.51,0
26.78,8.47,9.51,-0.27,-0.09,0.73,1
29.27,7.8,6.84,0.21,0.04,-0.51,1
31.38,8.49,14.25,-0.02,0.05,-0.52,1
25.08,7.73,12.74,0.08,0.02,-0.91,1
30.76,6.72,16.13,-2.12,-0.96,35.45,0
33.28,5.7,63.01,-0.16,0.04,0.85,0
20.96,5.52,40.32,-0.28,0.02,-0.77,0
27.74,6.55,13.18,0.01,0.01,0.69,1
34.46,10.23,69.56,0.15,-0.07,0.56,0
30.09,7.07,14.62,-0.16,-0.05,-0.43,1
30.16,6.98,7.84,-0.08,-0.08,0.88,1
27.31,7.1,41.93,-1.65,-0.86,22.16,0
30.19,8.18,2.28,-0.28,-0.07,-0.53,1
30.85,7.25,36.39,2.09,-0.81,37.89,0
21.25,9.72,53.65,-0.07,-0.06,0.87,0
27.46,7.31,19.54,-0.2,0.09,0.96,1
36.57,9.18,76.68,-0.14,-0.09,0.72,0
25.67,6.7,5.41,0.1,-0.02,-0.15,1
27.46,7.78,9.2,0.01,-0.07,0.03,1
28.0,7.76,3.29,0.27,0.09,0.79,1
25.28,7.56,27.7,-1.6,0.6,33.49,0
31.89,7.88,2.31,-0.18,-0.09,0.57,1
28.33,8.2,12.7,-0.24,-0.05,0.5,1
28.98,8.11,13.11,0.3,0.01,0.04,1
31.88,6.59,15.81,-0.19,-0.01,-0.74,1
30.48,8.26,19.73,0.21,-0.05,0.97,1
27.78,7.3,13.35,-0.22,0.05,-0.31,1
30.14,6.68,10.66,-0.04,0.05,-0.08,1
29.57,7.17,8.29,0.13,-0.03,0.92,1
30.74,7.45,18.61,-0.28,0.08,0.7,1
25.08,7.35,49.81,2.56,-0.84,37.03,0
26.86,7.53,19.46,-0.24,0.05,0.08,1
28.36,7.32,1.52,0.06,0.06,0.31,1
27.44,7.29,15.82,-0.29,-0.02,-0.62,1
31.8,6.72,42.53,-1.71,0.71,32.99,0
30.41,7.86,5.12,-0.02,-0.07,0.65,1
29.51,7.44,39.73,1.63,0.62,19.67,0
28.03,6.67,18.45,-0.29,0.03,0.64,1
36.24,9.5,53.19,0.23,0.04,-0.97,0
31.25,6.58,18.3,-0.0,-0.02,0.18,1
25.3,7.52,16.97,0.25,0.06,0.93,1
29.93,7.76,6.96,0.11,0.01,0.62,1
36.64,5.19,63.36,-0.2,-0.07,0.86,0
30.84,6.54,43.56,-2.88,0.55,26.04,0
26.97,7.47,10.01,-0.17,-0.08,-0.96,1
25.53,7.4,2.86,0.27,0.07,-0.47,1
27.01,8.27,8.38,0.23,0.1,-0.79,1
27.49,7.2,18.0,-0.09,0.1,-0.45,1
29.61,8.2,42.03,-2.68,-0.97,18.81,0
26.89,7.12,19.26,0.19,0.05,-0.6,1
30.57,7.04,17.95,0.26,-0.02,0.28,1
25.71,8.19,3.64,0.24,-0.03,-0.72,1
28.0,6.51,2.38,-0.14,-0.04,0.65,1
22.96,10.49,73.51,-0.26,0.03,-0.24,0
27.2,7.37,29.76,-1.72,-0.58,18.49,0
27.52,7.06,15.08,-0.06,-0.08,-0.73,1
26.85,6.68,9.84,0.28,0.01,-0.55,1
26.79,7.93,16.53,-0.3,-0.02,-0.28,1
31.12,8.17,15.02,0.0,0.08,-0.93,1
31.85,6.6,39.99,2.19,-0.6,39.93,0
35.89,10.4,36.57,0.27,-0.07,0.77,0
31.5,8.0,32.3,-2.28,0.86,34.62,0
27.37,8.38,17.18,0.01,-0.01,-0.75,1
30.1,7.61,16.46,0.04,-0.07,-0.87,1
25.34,8.32,5.4,0.09,0.06,-0.54,1
35.77,4.58,78.54,0.19,-0.02,-0.13,0
26.43,8.24,19.72,0.1,0.08,-0.51,1
31.54,8.23,4.01,-0.16,0.03,0.13,1
34.25,9.77,68.77,0.27,-0.07,-0.81,0
37.5,4.51,62.43,-0.08,0.03,-0.77,0
25.58,6.86,19.15,-0.15,0.06,-0.45,1
29.67,7.4,7.14,-0.07,-0.03,0.24,1
31.98,7.48,7.08,0.22,0.08,0.57,1
25.51,7.6,17.06,0.01,0.09,0.12,1
28.28,7.42,41.53,-2.93,-0.71,21.71,0
30.81,7.41,3.49,-0.07,0.06,0.84,1
27.97,7.02,27.74,1.77,-0.94,31.68,0
28.05,7.0,6.75,0.11,-0.07,0.37,1
31.28,7.19,13.09,-0.01,-0.07,0.24,1
37.13,9.15,79.18,0.04,-0.05,0.19,0
36.49,4.52,91.0,-0.23,-0.02,-0.13,0
35.51,4.26,39.19,0.25,0.0,-0.97,0
24.2,5.99,69.38,-0.04,0.09,-0.67,0
25.67,6.84,38.28,-2.07,0.61,37.13,0
29.42,7.69,13.94,-0.06,-0.07,-0.58,1
26.53,8.39,32.15,1.57,-0.68,35.68,0
28.37,8.0,14.93,-0.08,0.1,-0.86,1
25.57,8.43,8.03,-0.27,0.03,-0.72,1
24.14,5.84,86.12,-0.12,-0.08,0.21,0
26.1,8.04,11.36,-0.15,-0.07,0.98,1
28.16,8.13,10.29,0.26,-0.03,0.58,1
33.15,10.2,41.59,-0.26,0.02,0.93,0
26.01,7.14,15.24,-0.09,-0.09,0.37,1
25.0,7.87,8.45,-0.11,-0.03,0.73,1
27.1,7.99,8.42,0.12,0.07,-0.5,1
25.89,6.78,19.47,0.15,-0.04,-0.68,1
23.19,4.52,52.28,0.1,0.0,0.16,0
30.57,8.47,30.14,-2.8,-0.91,37.0,0
28.02,6.88,33.41,1.85,0.98,34.27,0
26.92,7.66,10.71,0.03,0.09,0.57,1
25.77,7.33,12.36,-0.07,0.03,0.89,1
28.21,7.49,15.2,0.3,0.01,-0.69,1
37.54,9.47,89.48,0.25,0.09,-0.16,0
31.89,8.03,15.59,0.02,-0.07,-0.23,1
31.66,8.4,4.97,-0.02,-0.1,-0.33,1
28.55,7.11,3.08,0.23,0.1,-0.36,1
28.94,8.42,47.35,-2.73,-0.69,31.42,0
25.35,6.76,17.73,-0.03,0.1,0.71,1
27.02,6.63,18.81,-0.16,-0.06,-0.18,1
28.14,7.06,21.67,2.9,-0.94,29.89,0
33.13,9.68,66.6,0.16,-0.05,0.69,0
26.86,7.84,18.81,0.06,0.04,-0.59,1
25.84,6.51,0.6,-0.14,0.09,0.83,1
31.27,7.18,6.67,-0.08,0.07,-0.63,1
32.78,8.84,42.35,-0.13,0.05,0.28,0
28.95,6.86,0.92,0.22,-0.06,0.55,1
28.64,7.55,9.8,0.18,-0.06,-0.13,1
26.74,8.43,22.8,2.02,-0.7,19.72,0
30.71,6.93,15.78,-0.25,-0.09,-0.7,1
27.41,7.62,17.96,0.2,0.05,0.18,1
28.28,8.1,9.21,0.23,0.06,-0.06,1
28.16,7.89,25.51,2.57,0.8,28.02,0
31.96,7.91,18.81,-1.98,0.86,15.2,0
28.07,6.9,9.22,-0.16,-0.05,-0.78,1
21.77,9.05,35.6,-0.04,0.02,0.63,0
28.78,7.7,12.8,-0.23,-0.06,0.63,1
25.01,7.71,2.43,-0.09,-0.08,0.72,1
20.7,9.88,40.78,-0.14,-0.01,-0.92,0
27.64,8.49,10.19,-0.26,-0.03,-0.38,1
26.96,8.22,16.29,0.1,0.07,-0.6,1
29.92,6.73,0.07,0.18,-0.09,0.46,1
34.58,5.46,48.89,-0.21,0.04,-0.12,0
25.28,7.73,6.62,-0.05,0.02,-0.19,1
32.89,9.83,60.6,-0.12,-0.0,0.43,0
23.66,5.99,92.76,-0.11,-0.08,-0.82,0
30.67,8.45,15.76,-0.11,0.08,0.0,1
26.14,7.84,15.99,-0.22,0.02,-0.64,1
37.1,9.64,35.66,0.07,0.09,0.2,0
25.2,8.37,11.88,0.11,0.04,0.09,1
29.16,7.16,3.22,0.13,-0.0,0.55,1
25.17,7.42,3.79,-0.07,0.08,0.02,1
25.61,8.37,14.41,-0.17,0.01,0.53,1
34.87,10.23,80.97,-0.24,0.05,0.22,0
28.07,7.65,35.84,-2.14,0.86,24.87,0
26.42,6.95,42.26,2.49,0.6,20.29,0
25.79,8.27,3.01,-0.26,-0.05,0.19,1
36.11,9.31,48.16,0.19,0.1,0.64,0
30.23,7.57,13.37,0.27,-0.08,0.43,1
31.77,7.79,19.8,0.01,0.08,-0.24,1
37.41,9.47,69.22,-0.18,0.09,-0.98,0
28.24,8.46,14.19,0.29,0.1,0.74,1
25.9,6.8,19.02,-0.22,-0.04,-0.86,1
30.06,7.47,12.61,-0.22,0.07,0.96,1
25.88,7.29,2.28,0.27,-0.05,0.49,1
28.55,7.2,32.51,1.86,-0.97,25.01,0
30.99,7.33,42.36,-2.84,0.68,33.06,0
26.87,6.89,17.28,-0.02,-0.07,0.79,1
27.36,6.79,15.85,0.25,0.04,-0.05,1
20.21,9.56,38.79,-0.24,0.04,0.18,0
29.08,7.48,42.34,-1.73,-0.6,38.25,0
30.17,7.2,34.54,1.64,0.82,17.0,0
27.66,7.87,3.37,0.15,0.06,0.65,1
28.86,7.55,15.35,-1.57,-0.66,31.57,0
29.42,6.79,13.16,0.08,0.04,0.18,1
28.24,7.35,12.29,0.13,0.09,-0.72,1
27.97,6.73,18.39,-0.2,0.07,0.1,1
28.63,7.96,2.66,0.21,0.05,-0.27,1
36.49,5.2,53.1,0.2,-0.06,-0.06,0
28.86,7.22,29.17,2.42,-0.78,24.69,0
26.06,7.78,23.94,-2.82,-0.97,27.09,0
26.7,7.75,4.18,-0.02,0.06,0.63,1
25.1,8.19,19.12,-0.26,-0.02,-0.79,1
25.97,8.24,19.31,0.22,0.01,-0.2,1
22.19,5.33,98.62,0.3,-0.1,-0.17,0
37.72,10.1,38.72,0.04,0.01,0.77,0
30.65,7.37,3.04,0.04,-0.09,0.87,1
27.89,7.62,16.35,0.23,0.07,0.9,1
28.12,7.87,19.61,0.16,-0.06,-0.8,1
30.12,6.6,19.88,0.03,0.01,-0.97,1
30.88,8.06,9.59,0.27,0.07,0.72,1
36.07,9.52,50.82,-0.15,-0.08,0.02,0
20.71,6.06,69.29,0.26,-0.08,-0.16,0
29.38,8.37,13.47,-0.17,-0.08,0.62,1
30.19,8.25,9.58,0.23,-0.1,-0.58,1
30.51,7.02,15.37,-0.17,-0.0,-0.7,1
26.42,8.37,13.21,-0.1,0.08,-0.89,1
29.84,7.59,13.05,-0.18,0.07,0.28,1
31.22,7.39,4.99,-0.23,-0.07,-0.02,1
27.55,8.32,9.28,-0.11,-0.06,0.83,1
27.85,6.79,27.13,-1.61,-0.72,31.6,0
36.59,9.22,52.28,0.0,-0.07,0.81,0
25.01,7.14,6.51,-0.09,-0.09,0.53,1
31.29,7.59,7.48,-0.21,-0.06,0.26,1
26.78,7.6,14.07,-0.07,0.07,-0.81,1
27.52,8.29,39.92,-2.51,-0.74,26.33,0
37.97,9.47,76.7,-0.19,-0.02,0.08,0
26.18,7.7,18.31,2.52,0.91,33.88,0
27.93,8.24,37.93,1.77,0.54,25.43,0
30.35,7.2,17.22,0.01,0.03,0.54,1
27.62,7.09,0.99,0.16,-0.09,-0.63,1
31.29,7.23,17.6,-0.0,0.04,-0.9,1
25.14,6.69,2.92,0.0,-0.03,0.19,1
25.36,7.81,18.31,-2.29,-0.9,29.44,0
30.44,6.68,0.31,-0.17,0.04,-0.26,1
30.03,7.58,8.81,0.05,-0.1,-0.04,1
37.14,5.19,45.05,-0.2,-0.02,0.34,0
22.15,6.17,64.45,-0.13,0.07,0.06,0
28.4,7.87,0.83,0.09,-0.03,-0.43,1
27.96,8.21,18.27,-0.24,0.04,0.92,1
31.1,8.21,17.65,-0.26,0.1,-0.63,1
29.17,8.43,8.84,-0.22,-0.01,-0.56,1
26.07,6.85,6.99,0.27,-0.06,-0.26,1
25.4,7.68,7.34,0.16,0.04,0.64,1
25.92,8.45,31.59,-1.74,0.93,17.56,0
26.98,6.57,14.0,-0.12,0.06,-0.63,1
34.21,9.76,68.41,-0.26,-0.02,-0.19,0
28.95,8.31,29.93,-2.07,-0.92,23.0,0
23.47,9.73,62.22,0.24,-0.08,0.8,0
21.86,9.33,65.51,-0.14,-0.09,-0.32,0
25.14,7.92,13.27,0.01,-0.03,-0.24,1
29.89,7.33,11.53,-0.13,0.0,0.9,1
25.92,7.14,11.02,-0.01,-0.07,0.05,1
28.07,8.44,40.67,-2.84,0.9,38.39,0
27.32,8.49,26.48,1.5,-0.86,33.48,0
26.48,7.24,48.97,-2.31,0.79,32.71,0
30.11,6.82,10.69,0.27,-0.06,0.73,1
30.88,6.6,23.55,-2.09,-0.94,18.2,0
32.71,8.82,84.69,-0.06,0.09,0.36,0
30.17,6.59,12.44,0.1,0.02,0.52,1
31.93,8.02,4.44,0.07,-0.04,0.19,1
29.86,7.17,22.15,-2.25,0.98,15.91,0
31.36,8.45,31.65,-2.65,-0.85,38.34,0
31.91,6.57,2.09,0.27,-0.01,-0.4,1
28.15,6.66,38.78,2.99,-0.91,18.17,0
23.71,5.16,46.05,0.03,0.01,-0.67,0
20.67,8.81,70.69,0.04,0.04,-0.26,0
26.07,6.72,1.36,-0.25,0.04,-0.9,1
35.0,5.72,73.53,-0.16,0.03,0.33,0
30.44,8.05,1.35,0.2,-0.08,0.72,1
27.01,7.43,10.78,0.06,0.07,0.16,1
25.68,7.95,13.93,0.24,0.08,0.87,1
28.76,7.48,5.35,-0.15,0.08,0.96,1
28.34,7.77,1.76,0.04,0.01,0.12,1
26.92,6.79,21.89,-1.57,0.55,17.27,0
28.06,8.1,7.01,-0.03,-0.08,-0.36,1
29.1,8.08,3.94,0.28,0.07,0.45,1
27.06,7.97,12.77,-0.26,-0.09,0.65,1
25.11,7.95,12.0,0.05,-0.02,-0.15,1
29.42,7.87,0.39,0.05,0.01,0.4,1
30.53,7.63,7.53,0.13,0.05,0.76,1
31.71,7.78,18.66,0.12,0.02,0.11,1
29.22,7.78,48.04,1.63,-0.65,30.96,0
33.94,9.73,87.7,0.18,0.0,0.92,0
27.4,7.01,12.81,0.24,0.02,-0.17,1
27.58,6.6,45.56,-1.74,0.89,29.08,0
27.15,7.59,7.88,-0.06,-0.04,0.06,1
29.5,7.08,7.32,-0.23,-0.02,0.47,1
31.39,7.63,17.41,-2.98,-0.87,19.88,0
30.55,6.5,8.7,-0.27,0.02,-0.27,1
29.08,7.45,18.41,-0.06,-0.03,-0.71,1
27.68,8.02,7.12,-0.17,0.05,0.59,1
35.33,8.93,66.43,0.18,0.07,-0.47,0
26.3,7.3,8.46,0.25,0.06,-0.15,1
31.09,7.55,0.43,-0.18,0.06,0.39,1
27.29,7.59,2.9,0.26,-0.08,0.96,1
31.42,7.47,10.68,-0.26,0.05,0.05,1
31.7,7.73,10.35,-0.08,0.03,0.94,1
30.35,7.83,32.56,2.93,0.86,20.36,0
26.18,7.17,6.55,-0.2,-0.09,-0.96,1
28.27,8.19,12.89,0.24,0.1,0.55,1
30.08,7.83,14.22,-0.05,0.01,-0.87,1
29.43,6.92,22.13,1.95,0.78,29.82,0
31.99,7.96,7.16,-0.04,0.01,-0.64,1
27.53,7.94,41.1,2.8,-0.66,18.64,0
28.57,7.43,9.18,0.16,-0.05,-0.91,1
24.11,9.26,66.23,-0.14,-0.06,0.45,0
21.15,5.62,88.42,-0.05,0.07,-0.63,0
25.74,7.48,3.54,0.28,0.04,-0.99,1
27.69,7.32,37.49,-2.03,0.57,29.91,0
30.84,7.05,0.35,-0.17,0.06,-0.41,1
36.73,10.43,78.97,-0.29,0.05,-0.77,0
27.05,7.44,14.75,-0.03,0.09,0.17,1
26.18,6.94,16.89,-0.06,0.02,-0.82,1
26.45,6.79,1.37,-0.26,0.03,0.66,1
37.06,5.91,93.37,0.23,0.0,0.55,0
25.41,7.91,17.69,-2.29,0.52,36.27,0
31.98,6.97,4.38,0.27,0.03,-0.43,1
30.53,8.18,15.9,-0.18,0.09,0.19,1
35.87,10.18,57.36,-0.18,-0.1,0.46,0
25.56,7.82,5.47,0.18,0.06,0.94,1
26.9,7.67,1.39,0.06,0.1,-0.71,1
25.78,8.02,10.48,0.29,0.02,-0.77,1
25.63,6.92,15.44,-0.15,0.03,-0.6,1
28.74,7.27,48.96,-1.89,0.58,16.91,0
26.78,8.44,15.43,0.25,-0.06,0.95,1
26.58,7.96,16.82,-2.76,0.77,32.29,0
29.04,7.09,26.81,1.59,0.93,29.56,0
29.22,6.67,17.28,2.59,0.74,15.64,0
28.07,7.01,18.79,0.22,-0.02,0.65,1
28.15,7.49,4.53,0.01,-0.03,-0.82,1
30.39,7.47,10.45,0.17,-0.09,-0.4,1
30.38,7.34,0.45,0.02,0.07,-0.24,1
28.73,8.3,19.8,-0.02,0.06,-0.51,1
28.9,8.27,6.06,0.22,0.03,-0.27,1
31.33,8.11,1.41,-0.24,0.0,-0.2,1
27.11,7.63,17.07,-0.27,-0.1,0.82,1
31.91,8.44,28.81,1.81,0.78,28.05,0
29.4,7.15,14.54,0.2,0.01,0.04,1
28.39,6.95,8.57,-0.01,-0.01,0.52,1
28.74,7.63,48.01,-2.68,0.57,36.92,0
31.02,7.44,9.59,0.13,0.09,0.66,1
31.12,8.07,19.2,-0.03,-0.04,-0.29,1
30.69,6.6,6.78,0.14,-0.03,-0.04,1
21.69,6.04,69.72,0.06,-0.09,0.98,0
27.22,8.38,0.28,-0.06,-0.08,-0.01,1
21.69,5.75,56.73,-0.02,-0.1,-0.68,0
31.02,8.42,13.59,0.29,-0.07,-0.06,1
25.58,8.4,15.73,0.16,0.07,-0.21,1
27.94,7.36,18.95,-0.27,0.02,-0.23,1
30.43,6.8,19.39,-0.02,0.02,0.01,1
25.79,7.78,2.79,-0.09,-0.0,-0.94,1
37.0,10.49,49.37,-0.08,-0.05,0.04,0
28.94,7.23,2.92,-0.18,0.01,-0.01,1
24.13,5.75,93.52,0.2,0.02,-0.45,0
32.58,4.81,83.93,-0.19,0.09,0.25,0
31.14,7.36,27.5,-1.64,-0.91,29.03,0
22.15,5.78,91.41,0.14,0.04,0.27,0
36.54,8.97,62.11,-0.26,-0.08,0.34,0
32.54,4.84,65.33,-0.2,0.08,0.42,0
31.96,7.07,40.42,-1.78,-0.96,22.02,0
25.88,7.61,2.85,-0.19,0.02,0.71,1
28.72,7.98,16.94,-0.03,-0.07,-0.43,1
30.71,7.8,19.78,-0.12,0.01,-0.71,1
33.14,4.7,75.37,0.26,0.08,0.8,0
25.85,7.96,7.58,0.03,0.05,0.6,1
28.15,6.84,7.46,-0.17,0.04,0.82,1
21.62,4.59,82.74,0.18,0.09,-0.23,0
28.28,7.31,19.08,-0.03,0.09,0.51,1
30.61,7.26,7.67,-0.2,0.06,0.81,1
30.46,8.38,36.38,-1.73,0.55,25.88,0
31.17,8.26,17.85,-0.21,-0.05,0.36,1
34.85,5.48,38.89,0.03,0.03,0.53,0
36.87,8.83,69.22,-0.27,0.08,-0.57,0
31.56,8.15,24.32,-2.22,-0.54,38.69,0
29.57,7.66,16.9,-0.2,-0.1,0.51,1
26.2,7.72,13.66,0.2,0.05,0.48,1
31.23,7.32,12.95,0.29,0.03,-0.46,1
27.81,6.78,4.26,-0.06,0.04,-0.95,1
26.13,7.42,13.02,0.18,-0.04,-0.79,1
27.08,6.85,12.11,0.24,0.09,-0.53,1
27.83,7.59,15.15,-0.21,0.01,-0.96,1
29.74,8.0,45.84,1.92,0.67,27.6,0
25.84,7.14,16.61,-0.13,-0.07,0.41,1
28.03,8.16,12.0,0.2,-0.03,0.11,1
27.05,8.29,42.58,-2.87,0.58,19.38,0
28.04,8.39,25.68,-1.75,0.51,35.79,0
30.83,7.31,19.89,-2.73,-0.6,31.02,0
26.13,7.26,14.25,-0.25,-0.04,-0.7,1
25.43,8.24,16.33,0.03,0.09,-0.21,1
34.54,4.2,76.5,0.09,-0.03,-0.18,0
26.56,8.33,38.0,-1.96,0.98,16.52,0
25.59,6.87,0.1,0.05,0.01,-0.14,1
26.8,6.93,4.33,0.21,-0.09,-0.13,1
28.54,7.53,17.52,0.2,-0.03,0.38,1
28.63,8.26,18.12,0.1,0.04,-0.48,1
26.49,7.84,28.98,1.86,0.62,23.73,0
29.21,6.74,43.98,2.52,-0.93,27.3,0
23.6,10.12,70.07,-0.25,-0.09,0.23,0
31.34,8.07,11.9,0.18,-0.03,0.76,1
20.41,8.96,85.23,-0.17,0.05,0.3,0
28.24,7.13,15.74,2.24,-0.88,36.08,0
28.43,7.64,15.81,-0.14,-0.07,0.43,1
23.74,5.16,81.66,-0.07,0.06,-0.27,0
29.9,8.32,8.08,0.14,0.07,-0.68,1
28.51,8.0,28.84,-2.85,0.64,19.0,0
29.07,8.03,10.89,0.13,-0.05,0.37,1
23.15,9.68,58.59,-0.13,0.0,0.6,0
31.21,8.46,6.2,-0.03,-0.08,-0.16,1
27.0,8.43,16.78,-1.84,0.62,20.01,0
30.67,7.81,1.36,-0.2,0.06,-0.64,1
28.13,6.65,10.36,0.29,-0.1,-0.7,1
27.76,6.81,3.05,-0.01,0.01,0.62,1
31.19,7.39,41.7,-1.63,-0.51,15.57,0
33.31,5.98,52.64,-0.18,-0.03,0.17,0
31.57,7.27,20.08,1.51,-0.71,39.12,0
21.23,5.11,44.64,-0.06,-0.0,0.53,0
27.9,6.99,19.82,0.19,-0.09,-0.38,1
30.92,7.0,30.38,2.84,0.52,20.82,0
33.57,8.84,91.57,-0.2,0.03,0.15,0
21.47,4.84,54.1,-0.11,-0.06,0.33,0
26.2,7.5,5.92,-0.25,-0.05,-0.61,1
27.67,7.67,21.95,1.91,-0.86,36.23,0
28.12,7.67,17.43,0.05,-0.05,0.7,1
33.74,5.06,97.66,-0.2,-0.07,-0.52,0
27.59,8.46,18.93,-0.24,-0.05,-0.11,1
30.85,7.43,23.45,1.6,-0.94,34.91,0
31.23,7.6,41.9,-2.79,-0.97,34.6,0
28.11,7.75,3.91,-0.23,-0.08,0.02,1
30.64,6.85,1.27,-0.25,-0.05,0.31,1
21.32,4.5,93.04,0.11,-0.07,0.55,0
25.58,8.19,47.03,-2.98,-0.64,16.71,0
27.83,7.97,2.99,-0.11,-0.01,-0.95,1
31.6,7.25,2.66,0.29,-0.0,-0.08,1
27.8,8.41,9.79,-0.3,0.08,-0.83,1
29.55,7.8,10.74,-0.03,0.04,0.56,1
33.45,6.1,98.84,-0.27,0.03,-0.68,0
21.74,5.34,39.31,0.05,-0.04,0.31,0
30.56,6.95,18.26,2.24,0.68,17.37,0
26.55,6.81,8.55,-0.25,0.02,0.59,1
26.19,7.95,1.02,-0.2,0.02,0.43,1
26.86,6.75,19.86,0.05,0.07,-0.62,1
25.47,7.99,18.11,-0.2,0.03,-0.73,1
29.73,6.52,17.78,-0.18,0.06,-0.35,1
31.82,7.58,0.81,0.11,-0.05,0.9,1
26.69,6.53,11.29,-0.19,-0.08,0.76,1
30.19,8.18,16.84,0.05,-0.03,0.21,1
27.13,7.97,5.79,0.05,0.02,-0.34,1
30.97,7.64,18.77,0.01,-0.03,0.3,1
30.53,7.0,23.91,-2.09,-0.85,17.68,0
27.0,6.95,15.58,-0.1,0.0,0.19,1
29.61,7.33,1.39,0.21,-0.06,-0.46,1
22.14,10.37,76.76,-0.08,-0.1,-0.68,0
25.56,8.38,16.04,-0.07,0.01,0.69,1
37.07,4.98,48.51,0.23,-0.08,0.15,0
30.76,6.75,4.09,0.24,0.08,-0.37,1
29.92,7.98,11.24,0.08,-0.03,-0.86,1
29.11,6.58,13.73,-0.09,0.08,0.44,1
27.81,6.65,15.59,0.04,-0.05,0.8,1
31.38,8.19,21.8,2.94,-0.55,34.29,0
36.45,9.72,91.8,-0.3,0.0,-0.09,0
26.89,8.09,2.13,0.22,0.09,0.57,1
27.44,6.65,5.55,-0.2,-0.01,-0.43,1
34.89,9.59,94.71,-0.28,0.06,0.6,0
25.72,7.52,13.16,0.1,-0.08,-0.79,1
28.51,8.02,5.28,-0.28,0.02,-0.43,1
30.91,7.3,12.92,-0.15,-0.03,-0.32,1
26.85,7.86,0.58,0.2,-0.02,0.72,1
26.45,7.87,13.08,-0.08,-0.03,0.46,1
37.92,5.29,64.9,0.18,-0.09,-0.19,0
31.21,6.84,15.62,0.18,-0.01,-0.62,1
37.01,9.91,95.16,-0.01,0.03,0.79,0
26.55,8.5,7.48,-0.1,-0.1,0.5,1
27.96,8.21,7.69,-0.03,0.08,0.78,1
26.23,7.11,18.84,-0.16,0.08,-0.86,1
26.68,8.04,3.11,-0.07,0.01,-0.07,1
31.43,8.19,13.76,0.09,0.01,-0.5,1
30.37,6.56,2.95,-0.23,0.08,0.09,1
27.3,7.95,37.29,-2.43,0.81,38.05,0
36.49,5.89,76.3,0.18,-0.08,0.64,0
31.04,7.04,8.32,-0.04,0.06,0.4,1
29.17,6.98,12.11,-0.21,-0.05,0.11,1
29.51,8.12,14.1,-0.15,0.03,0.45,1
30.73,6.71,15.71,0.09,-0.01,-0.9,1
31.34,8.16,9.86,-0.01,-0.04,-0.59,1
29.61,7.19,11.51,0.19,-0.08,-0.16,1
27.12,7.55,24.47,-1.58,-0.56,27.8,0
27.18,8.31,14.26,0.19,-0.07,-0.59,1
31.58,6.94,49.89,1.86,0.5,24.49,0
29.31,7.67,13.81,-0.09,-0.05,0.51,1
20.84,4.76,53.79,0.25,0.1,-0.07,0
25.04,7.09,8.03,-0.0,0.03,0.62,1
30.67,7.02,4.87,-0.02,0.06,0.32,1
26.95,7.11,16.57,-0.1,-0.05,-0.12,1
26.77,6.7,6.72,0.2,0.1,0.47,1
25.8,7.6,28.87,-1.92,-0.59,25.1,0
25.86,7.15,6.78,-0.27,0.09,-0.65,1
26.34,7.55,22.75,2.96,0.6,36.54,0
34.3,9.52,38.48,0.04,0.08,0.83,0
25.01,7.39,13.55,-0.17,0.05,0.83,1
29.94,7.63,9.84,-0.0,-0.1,0.04,1
30.54,7.33,19.07,0.3,0.09,0.78,1
36.8,9.43,53.06,0.2,-0.08,-0.85,0
31.69,8.01,20.58,1.76,-0.76,29.02,0
29.22,8.17,18.46,0.12,-0.04,-0.12,1
30.68,6.82,22.43,2.94,-0.99,34.57,0
34.06,9.07,79.2,0.2,-0.08,0.82,0
25.84,8.03,44.45,1.61,0.84,36.92,0
27.46,7.71,48.01,-2.38,0.54,38.54,0
30.12,7.53,17.53,0.14,-0.07,0.91,1
30.67,7.44,17.53,0.18,-0.01,-0.75,1
33.89,5.76,61.51,0.2,-0.06,0.44,0
25.38,8.03,47.15,1.96,0.65,36.29,0
29.1,8.48,38.07,-2.98,-0.54,32.46,0
27.61,6.72,18.19,-0.18,-0.1,0.73,1
29.79,7.48,40.67,-2.08,0.76,20.55,0
28.75,8.03,26.08,2.48,0.68,27.47,0
29.78,6.97,49.61,-2.72,-0.59,23.54,0
25.45,7.29,7.86,0.09,0.09,-0.38,1
31.95,8.26,16.99,-0.02,0.05,0.52,1
33.13,4.31,84.36,-0.19,-0.03,-0.83,0
37.67,5.42,72.42,-0.24,0.05,-0.17,0
28.45,8.38,11.66,-0.17,0.08,0.67,1
29.46,7.1,1.93,-0.16,0.09,0.49,1
28.9,7.66,18.03,-0.26,-0.1,-0.5,1
27.05,6.95,15.86,-0.24,0.01,0.55,1
25.48,7.5,19.28,-2.88,-0.7,21.35,0
31.45,7.67,2.52,0.21,0.01,-0.72,1
30.06,7.95,7.59,0.19,0.06,0.48,1
27.42,8.36,17.33,-0.28,-0.06,-0.9,1
29.65,7.37,4.73,0.12,0.06,-0.97,1
27.48,7.57,12.78,-0.29,-0.1,0.63,1
27.69,6.54,19.52,0.27,-0.08,0.79,1
29.33,7.01,25.51,-1.91,0.72,38.68,0
31.41,6.84,9.73,0.07,-0.09,-0.08,1
27.95,8.13,9.65,-0.27,-0.01,0.34,1
28.82,7.22,12.12,0.23,0.1,0.22,1
28.81,8.39,3.09,0.23,0.08,-0.65,1
35.57,10.21,51.83,0.1,-0.04,-0.06,0
27.1,7.66,11.61,0.06,-0.04,0.45,1
30.83,7.47,15.6,-0.16,-0.03,0.69,1
25.73,7.15,0.78,-0.1,0.08,-0.06,1
25.01,6.59,2.24,0.15,-0.09,0.26,1
25.02,6.92,15.6,-0.29,0.04,-0.51,1
27.93,6.6,44.48,-2.11,-0.82,17.24,0
32.79,4.77,48.8,-0.21,-0.1,0.66,0
25.05,7.94,0.61,-0.28,-0.04,0.41,1
28.04,6.59,17.87,0.23,0.08,-0.88,1
26.11,6.84,28.03,-1.51,0.9,30.48,0
26.48,7.76,36.74,2.13,0.95,30.1,0
31.97,7.66,17.55,0.0,0.06,0.11,1
30.54,8.25,23.88,-2.43,-0.71,25.25,0
29.83,7.62,8.26,0.14,-0.09,0.97,1
31.62,7.73,13.38,-0.27,0.07,-0.53,1
34.3,5.81,87.66,0.19,-0.01,-0.48,0
30.06,7.67,6.42,0.12,0.04,-0.79,1
30.17,7.29,14.15,-0.22,0.05,0.13,1
25.71,7.38,13.34,-0.03,-0.07,0.46,1
28.27,8.17,11.03,0.26,-0.02,0.83,1
35.53,4.18,95.23,-0.11,0.03,-0.58,0
29.88,6.77,16.65,-1.73,-0.86,35.24,0
23.98,5.93,83.41,-0.28,-0.02,-0.58,0
26.59,8.02,33.41,2.8,-0.7,36.53,0
27.29,6.74,47.97,-1.74,-0.56,17.83,0
20.1,4.51,87.26,0.06,0.02,0.32,0
31.96,7.73,4.73,-0.19,0.05,-0.63,1
29.07,8.5,15.17,0.01,0.04,0.26,1
25.93,6.66,2.46,-0.19,0.04,-0.43,1
24.38,9.54,78.26,0.2,-0.07,0.38,0
31.77,6.75,2.93,0.22,-0.0,-0.01,1
30.15,6.59,15.37,0.13,-0.04,-0.31,1
36.19,4.37,38.85,0.21,-0.05,0.41,0
30.3,7.77,22.54,-2.65,-0.8,18.39,0
30.33,6.69,2.98,-0.05,0.08,0.65,1
29.01,7.6,13.9,0.16,-0.07,0.52,1
27.15,8.44,1.28,-0.09,-0.07,-0.16,1
26.87,7.36,0.06,-0.14,0.03,0.36,1
26.88,6.81,3.72,0.05,-0.01,0.06,1
26.6,6.97,1.67,0.12,0.03,0.82,1
30.88,6.61,4.09,-0.15,0.03,-0.1,1
28.61,7.65,19.14,1.52,0.65,23.94,0
29.91,7.85,12.05,-0.18,0.03,0.96,1
27.96,8.25,39.98,-1.87,0.71,20.64,0
20.07,4.13,70.84,0.22,0.02,-0.04,0
29.02,7.56,13.39,-0.14,-0.08,0.42,1
21.41,4.02,51.66,-0.29,-0.01,-0.41,0
28.37,8.32,34.19,1.54,-0.78,19.89,0
30.43,8.04,10.59,0.13,0.07,0.35,1
25.35,8.28,4.59,-0.23,-0.05,-0.31,1
32.81,4.55,94.47,-0.09,0.07,0.58,0
31.8,7.35,0.4,0.05,0.1,-0.29,1
31.1,6.83,4.52,-0.1,-0.05,-0.96,1
26.46,6.51,4.87,0.05,-0.02,-0.91,1
25.55,6.51,1.38,-0.21,0.06,-0.9,1
36.52,4.73,54.6,-0.16,-0.05,0.29,0
27.45,6.86,10.59,0.29,0.09,-0.25,1
31.81,8.02,16.29,1.8,0.72,20.98,0
25.5,7.29,23.0,2.07,-0.75,35.68,0
28.62,7.83,14.11,-0.04,-0.05,-0.93,1
27.61,7.64,5.68,0.16,0.01,0.57,1
32.73,10.16,41.26,-0.09,-0.05,-0.2,0
28.58,6.97,7.89,0.1,0.04,-0.37,1
29.45,6.99,10.83,0.19,0.05,0.28,1
20.15,9.88,88.78,0.11,0.04,-0.35,0
27.39,7.99,19.64,1.59,-0.52,39.44,0
30.65,6.58,6.38,0.15,-0.08,0.82,1
26.6,8.24,16.47,-0.21,-0.03,0.35,1
25.53,8.05,14.47,0.01,-0.06,0.31,1
36.32,9.6,69.18,0.15,-0.07,-0.54,0
27.1,8.19,2.25,-0.18,0.09,0.79,1
28.35,6.84,37.39,-2.29,0.85,34.31,0
25.81,7.01,12.75,0.08,0.02,0.13,1
22.71,4.03,91.97,0.12,0.07,-0.44,0
29.64,7.06,38.42,2.06,-0.8,26.05,0
29.99,6.51,8.8,0.08,-0.09,-0.15,1
20.96,9.46,86.88,-0.07,-0.07,0.35,0
28.62,8.43,16.96,-0.29,0.05,0.09,1
28.82,6.99,17.38,-0.0,-0.08,0.14,1
29.71,6.86,7.61,0.02,0.02,0.61,1
20.82,8.86,88.53,-0.26,-0.09,0.82,0
28.9,6.61,15.85,-0.05,-0.05,-0.35,1
26.05,6.94,4.24,-0.01,-0.08,-0.63,1
31.64,7.91,17.86,2.09,0.85,31.08,0
27.92,6.65,14.05,0.29,0.08,-0.92,1
30.15,7.36,18.24,0.25,-0.06,0.34,1
25.15,7.27,8.63,0.14,-0.08,0.18,1
31.21,8.07,7.07,0.23,-0.07,-0.7,1
30.04,8.13,41.81,-2.64,0.53,19.74,0
27.92,6.68,1.57,0.27,0.04,-0.08,1
27.88,6.71,24.99,-2.25,0.61,21.33,0
33.9,9.39,44.22,-0.28,0.1,0.33,0
30.54,8.14,10.71,-0.28,-0.04,-0.33,1
26.84,7.65,9.22,-0.07,-0.08,-0.67,1
25.52,7.65,6.73,-0.25,-0.09,0.96,1
25.91,8.07,42.16,2.34,-0.56,24.39,0
25.43,6.73,10.04,-0.22,-0.09,0.58,1
25.12,6.78,28.62,-2.45,-0.77,19.59,0
37.03,10.05,97.12,0.28,0.04,0.5,0
29.35,8.25,22.84,-2.24,0.7,35.69,0
26.48,8.26,7.99,-0.21,0.09,-0.82,1
27.38,7.46,9.44,-0.27,-0.04,0.7,1
26.59,8.14,9.17,-0.16,-0.02,0.65,1
31.05,8.12,9.68,-0.0,-0.05,0.76,1
25.18,6.67,5.43,-0.17,0.01,-0.92,1
25.09,7.13,19.31,-0.17,-0.03,0.43,1
30.67,7.66,5.0,0.26,0.04,-0.15,1
26.48,7.38,5.39,0.14,-0.04,-0.27,1
26.14,7.94,8.84,-0.25,0.08,0.77,1
26.0,7.56,5.75,0.19,0.05,0.78,1
26.85,7.28,0.16,0.06,0.09,-0.34,1
22.41,5.51,46.92,-0.07,-0.03,-0.13,0
29.23,6.79,8.66,-0.0,0.07,-0.28,1
25.63,7.74,1.97,-0.12,0.01,-0.06,1
26.89,8.11,15.27,-0.17,-0.03,-0.14,1
36.93,5.56,50.88,0.04,-0.04,0.39,0
28.71,7.87,12.1,0.07,-0.05,-0.63,1
29.69,7.29,5.24,0.1,-0.09,-0.88,1
21.48,4.11,57.52,0.01,-0.05,0.3,0
28.28,8.27,34.64,-1.73,0.82,29.88,0
31.8,8.49,3.7,-0.03,0.08,0.32,1
27.76,7.47,4.89,0.04,0.09,0.89,1
27.86,7.67,16.25,0.08,0.05,0.83,1
30.09,6.52,18.74,0.06,-0.09,-0.7,1
30.41,6.67,31.73,-1.9,-0.66,34.95,0
22.29,9.92,57.3,0.23,-0.06,0.76,0
26.32,7.61,15.6,0.25,0.02,-0.06,1
26.95,7.02,10.93,0.03,-0.09,0.01,1
29.44,6.77,11.48,-0.25,-0.09,-0.1,1
32.53,5.93,89.94,0.15,0.01,-0.31,0
31.53,7.45,14.51,-0.04,0.06,-0.18,1
26.41,8.49,5.85,0.2,-0.02,-0.22,1
31.7,7.82,5.37,-0.26,-0.09,0.53,1
30.86,7.65,36.91,1.69,-0.84,30.85,0
35.4,4.97,80.21,-0.12,0.06,-0.51,0
28.78,6.83,12.01,-0.14,-0.09,-0.01,1
28.11,7.76,19.89,0.26,0.06,0.14,1
27.83,7.58,17.22,0.23,-0.02,-0.32,1
27.34,7.33,2.86,0.26,-0.02,-0.36,1
32.98,5.94,60.74,-0.1,0.06,0.92,0
25.43,7.57,18.35,-1.81,0.63,34.83,0
31.52,7.55,15.32,2.62,0.75,19.2,0
28.15,8.22,0.41,-0.13,0.07,-0.5,1
25.79,6.51,14.92,-0.28,-0.03,-0.57,1
20.44,4.73,94.31,0.29,-0.02,0.36,0
28.82,8.46,16.87,-0.3,-0.09,-0.7,1
31.99,7.15,5.66,-0.21,0.01,0.39,1
28.34,6.96,12.94,-0.15,0.08,-0.64,1
26.37,6.56,2.8,0.2,0.09,-0.1,1
28.28,7.16,36.03,1.76,-0.75,21.62,0
30.99,7.45,29.14,-2.81,-0.72,39.6,0
22.73,5.49,98.61,-0.17,0.0,-0.15,0
35.87,4.75,39.16,0.22,-0.08,-0.52,0
30.28,6.76,8.26,0.05,-0.06,-0.78,1
28.75,6.89,10.21,0.17,-0.06,0.99,1
28.72,7.46,1.51,0.21,-0.0,0.71,1
27.81,8.32,5.25,0.11,0.07,0.77,1
35.18,9.95,92.08,0.15,-0.04,-0.06,0
30.91,8.06,19.29,-0.09,-0.03,-0.22,1
27.87,6.77,5.85,0.08,-0.02,0.58,1
30.26,6.98,6.71,0.15,-0.01,-0.52,1
20.76,9.32,36.27,-0.05,0.06,0.54,0
30.12,7.28,1.48,0.2,-0.08,-0.31,1
22.74,9.81,57.51,0.26,-0.08,0.62,0
31.61,6.71,12.76,-0.21,-0.05,-0.6,1
23.98,5.33,83.38,-0.2,0.06,-0.69,0
26.59,7.49,12.0,-0.03,-0.01,0.4,1
20.37,9.08,64.48,0.28,0.08,0.28,0
27.95,8.46,49.97,2.82,0.92,20.9,0
30.81,6.72,36.68,-1.82,-0.84,36.01,0
25.41,7.73,19.35,0.22,-0.01,0.5,1
37.47,9.93,55.7,0.21,0.1,-0.94,0
25.56,8.48,4.15,0.17,-0.04,-0.5,1
30.01,6.74,48.63,2.86,-0.65,18.1,0
31.51,7.53,2.56,0.11,0.05,0.01,1
28.18,7.81,0.43,-0.02,-0.04,0.2,1
22.84,4.28,79.44,0.23,-0.05,-0.02,0
35.44,9.78,83.41,0.14,0.01,0.63,0
31.74,8.07,26.18,2.42,0.7,32.4,0
28.79,7.75,13.71,-0.21,0.04,0.84,1
28.57,8.41,4.81,0.05,0.05,0.9,1
29.55,6.73,3.32,0.13,0.09,0.53,1
25.73,8.45,19.19,-0.26,0.02,0.09,1
29.05,7.12,3.39,-0.26,0.02,0.56,1
28.56,8.41,0.61,0.05,-0.01,-0.94,1
28.75,7.97,49.75,-2.28,-0.56,31.69,0
26.23,7.77,8.66,-0.07,0.06,0.02,1
26.33,8.21,15.06,-0.03,-0.03,0.37,1
30.46,7.79,8.41,0.28,0.1,-0.39,1
27.3,7.39,19.77,2.09,0.65,28.9,0
30.39,8.22,2.02,-0.15,0.07,0.64,1
27.91,7.44,16.08,-0.17,0.05,0.72,1
25.18,7.53,10.36,-0.18,-0.02,-0.27,1
27.04,6.61,0.19,0.23,0.01,-0.72,1
29.58,7.08,14.15,0.03,-0.01,0.89,1
30.06,7.84,4.72,0.16,-0.09,0.77,1
30.21,7.31,2.6,0.04,-0.07,-0.18,1
29.55,7.67,3.52,-0.16,0.02,-0.14,1
26.89,7.41,4.42,0.11,0.05,-0.06,1
21.18,5.86,92.55,-0.16,0.06,0.3,0
29.68,7.13,1.26,-0.1,-0.03,-0.04,1
26.47,7.68,15.15,-0.19,0.03,0.95,1
26.5,6.8,18.55,0.14,-0.03,-0.29,1
31.3,7.07,4.48,0.16,0.03,0.16,1
31.2,7.38,9.7,-0.27,-0.08,0.82,1
30.5,8.21,1.35,0.15,-0.0,0.2,1
26.13,7.37,0.56,-0.15,-0.04,-0.45,1
21.7,9.98,59.03,0.17,0.0,0.26,0
27.69,7.89,8.32,0.05,-0.04,0.26,1
33.79,5.32,53.7,0.17,-0.09,0.56,0
30.16,7.03,2.18,-0.1,0.05,0.72,1
28.4,6.54,13.64,0.18,0.09,0.57,1
31.76,7.51,11.6,-0.05,0.01,-0.71,1
27.26,8.14,7.15,0.29,0.09,0.89,1
25.99,6.87,46.61,-2.32,-0.96,16.82,0
25.01,7.84,5.37,-0.19,0.03,-0.71,1
30.03,8.0,13.31,-0.12,0.07,0.25,1
31.8,6.54,11.39,-0.1,-0.04,-0.31,1
28.31,7.07,42.86,2.45,0.78,19.31,0
28.21,7.75,12.92,-0.16,0.07,-0.66,1
29.46,8.32,13.84,-0.27,-0.09,0.73,1
29.27,6.99,44.21,-1.65,0.88,15.16,0
23.81,9.88,91.39,0.28,-0.06,0.26,0
28.24,7.16,2.77,-0.03,0.09,-0.55,1
29.72,7.73,3.52,-0.01,0.05,0.44,1
28.54,6.56,6.75,-0.25,-0.08,-0.66,1
33.22,10.02,86.52,0.14,0.02,0.08,0
26.32,8.17,18.08,0.05,-0.08,0.93,1
30.61,7.12,5.11,0.24,-0.05,-0.13,1
20.04,5.33,86.58,0.16,0.09,-0.98,0
26.04,7.15,7.56,-0.18,0.08,-0.63,1
30.8,7.42,7.83,0.07,-0.03,-0.56,1
27.09,7.33,9.79,-0.17,0.05,0.04,1
35.48,10.16,82.03,0.23,-0.09,-0.14,0
22.56,6.11,64.09,-0.28,0.07,-0.11,0
30.45,7.91,17.96,-0.22,-0.09,0.13,1
25.36,8.18,3.69,0.25,0.04,-0.07,1
28.63,8.06,4.76,0.02,-0.04,-0.3,1
31.68,8.25,9.0,0.21,-0.05,-0.93,1
30.34,7.27,6.12,-0.24,0.06,-0.04,1
20.32,10.07,69.74,0.23,0.09,-0.74,0
22.11,5.79,45.78,0.05,-0.06,-0.07,0
26.36,7.82,4.8,0.12,-0.02,-0.43,1
27.23,7.22,26.43,2.59,-0.59,16.03,0
31.0,6.75,6.82,-0.24,-0.05,-0.24,1
28.76,7.6,16.82,0.17,-0.09,0.4,1
29.64,7.89,40.15,2.74,-0.94,15.45,0
29.51,7.85,14.07,-0.22,0.04,-0.14,1
29.74,7.73,15.89,-0.03,-0.04,0.25,1
27.61,8.17,14.6,-0.26,-0.02,-0.47,1
26.52,7.29,11.76,0.03,-0.02,0.35,1
29.67,6.83,42.28,-2.9,0.85,24.45,0
27.2,7.05,2.43,-0.27,-0.07,-0.97,1
29.55,7.04,32.27,2.13,0.58,22.65,0
33.62,9.3,89.3,0.07,-0.09,0.62,0
31.39,7.43,11.99,0.29,-0.07,0.6,1
27.57,6.56,6.65,-0.11,0.01,-0.71,1
28.53,6.96,43.05,2.07,0.58,24.94,0
29.37,8.01,6.24,0.27,-0.01,-0.08,1
25.47,8.46,10.86,0.01,-0.05,0.67,1
27.51,7.76,6.09,-0.11,-0.07,-0.89,1
34.65,5.36,42.57,0.24,-0.02,-0.42,0
36.93,4.75,61.88,0.13,0.07,-0.43,0
31.44,7.6,10.84,0.09,0.09,0.71,1
25.09,7.08,5.0,-0.16,0.09,0.24,1
27.47,7.6,2.39,-0.26,0.06,0.06,1
29.91,8.32,16.24,-2.13,0.8,25.15,0
28.56,7.21,9.71,-0.15,-0.09,0.59,1
27.22,7.77,34.2,2.51,-1.0,18.92,0
27.29,7.34,16.49,-0.19,-0.04,-0.87,1
30.16,7.52,42.04,-2.3,0.97,22.15,0
23.38,5.92,89.58,-0.14,-0.06,0.79,0
29.74,8.41,16.54,-0.08,0.03,-0.9,1
30.19,8.29,2.54,-0.0,-0.02,-0.45,1
21.65,5.73,35.42,-0.06,-0.01,0.89,0
27.66,7.35,8.55,-0.01,0.09,-0.6,1
26.59,7.34,34.46,2.67,0.8,15.51,0
26.23,7.87,9.24,-0.24,-0.04,0.35,1
27.67,7.39,14.46,0.14,-0.04,-0.83,1
30.62,8.33,10.58,0.22,-0.09,-0.3,1
27.46,7.13,6.29,-0.07,0.02,-0.4,1
28.41,7.87,11.44,-0.26,-0.03,-0.04,1
31.87,6.66,1.83,0.2,0.04,-0.76,1
29.35,8.25,18.08,-0.02,0.08,0.44,1
27.85,7.49,19.16,0.09,-0.09,-0.43,1
26.68,7.56,43.8,1.91,0.98,35.33,0
27.54,7.84,36.36,-1.99,-0.91,17.21,0
33.54,8.96,68.02,-0.2,0.06,0.8,0
24.3,9.36,49.06,0.01,0.06,0.68,0
27.5,8.14,18.33,2.98,-0.92,37.58,0
25.82,6.94,3.02,0.21,-0.02,0.64,1
28.91,7.89,10.7,-0.27,0.02,0.41,1
30.41,7.54,32.4,-1.68,-0.8,23.69,0
27.48,7.66,16.18,2.52,0.77,19.08,0
30.94,7.38,10.89,0.14,0.06,0.51,1
27.12,7.99,42.66,-2.6,-0.94,38.39,0
28.95,6.6,0.35,-0.21,-0.03,0.35,1
26.99,7.83,3.12,0.04,-0.0,0.07,1
30.33,8.29,30.57,-1.71,0.72,27.02,0
27.93,8.41,0.09,-0.17,0.08,1.0,1
31.4,7.34,1.23,0.1,0.03,0.19,1
31.04,7.63,5.42,0.21,0.09,-0.51,1
27.09,8.08,0.02,0.09,-0.05,0.78,1
35.06,10.45,43.09,-0.18,-0.04,-0.38,0
25.22,7.22,4.49,0.09,0.06,0.28,1
28.84,7.7,43.64,2.56,-0.89,21.9,0
30.31,7.83,9.26,0.2,0.02,-0.59,1
27.25,7.02,15.76,-0.2,0.09,-0.56,1
25.73,8.23,22.54,2.73,-0.9,28.72,0
26.11,6.93,1.49,0.26,0.04,0.48,1
29.48,7.8,0.82,0.09,0.04,-0.8,1
33.85,9.35,85.65,-0.23,-0.0,0.26,0
29.52,6.53,3.3,-0.08,0.01,0.14,1
25.01,7.81,18.94,0.01,0.1,0.42,1
30.95,8.38,15.0,0.23,0.02,-0.55,1
31.75,7.53,4.17,0.17,0.1,-0.65,1
28.74,7.43,6.38,0.16,0.09,0.23,1
29.27,7.48,47.95,-2.65,0.58,26.88,0
31.35,7.63,15.9,-0.29,0.07,0.12,1
29.87,7.26,16.42,-0.03,-0.09,-0.36,1
28.51,7.2,44.37,-2.19,-0.93,16.64,0
21.78,5.09,36.32,0.21,-0.06,0.71,0
25.93,8.19,3.0,0.26,-0.02,-0.53,1
29.09,6.5,13.28,0.05,-0.09,0.99,1
25.54,7.91,14.18,0.01,-0.09,0.51,1
29.55,6.7,10.2,-0.25,0.08,-0.48,1
26.43,7.23,35.08,-1.82,-0.93,24.08,0
29.35,6.9,1.41,-0.18,0.03,-0.72,1
37.91,4.78,61.53,0.01,-0.06,0.61,0
29.25,6.87,13.64,0.03,0.03,-0.86,1
31.77,7.86,25.08,-2.66,-0.96,31.24,0
28.17,8.45,15.89,0.18,-0.05,-0.61,1
31.87,7.48,18.24,0.27,-0.02,0.07,1
27.3,7.93,13.21,-0.03,0.05,-0.39,1
29.28,6.59,16.78,1.54,0.89,37.64,0
33.43,5.05,88.39,-0.29,0.09,0.7,0
25.25,7.87,14.67,-0.02,-0.07,0.33,1
25.14,7.66,6.84,0.03,0.01,-0.84,1
31.36,8.4,8.53,-0.27,0.0,0.27,1
29.82,7.86,2.62,-0.07,-0.01,0.32,1
26.86,8.4,11.06,-0.08,-0.01,0.66,1
36.33,4.52,71.76,-0.16,0.06,0.97,0
35.54,4.63,89.13,-0.07,0.07,-0.87,0
21.83,6.16,73.74,-0.16,-0.07,-0.19,0
26.35,8.26,30.62,-2.32,-0.99,34.32,0
37.28,4.68,69.81,0.01,-0.05,0.04,0
27.77,7.41,6.03,0.29,-0.06,-0.74,1
25.9,6.7,5.72,-0.29,0.01,-0.15,1
29.77,8.08,12.46,0.11,0.07,-0.32,1
26.1,8.38,9.26,0.01,-0.04,0.07,1
25.25,7.15,16.4,0.24,-0.05,-0.07,1
20.3,4.12,51.91,0.21,0.07,-0.95,0
33.47,10.28,63.0,-0.1,0.01,0.96,0
23.62,4.95,94.85,0.17,0.06,0.72,0
28.35,7.95,15.53,-2.32,-0.69,25.15,0
33.13,9.61,92.32,0.23,0.03,-0.28,0
32.51,5.09,87.15,0.19,-0.06,-0.62,0
30.5,6.54,16.69,0.02,0.01,0.11,1
28.91,7.57,6.75,0.25,-0.01,-0.32,1
28.62,7.42,15.91,-0.28,0.08,0.17,1
26.19,6.55,1.63,-0.17,-0.04,-0.21,1
25.31,6.9,19.13,-0.09,-0.01,0.03,1
26.87,7.39,19.62,-2.9,0.61,24.83,0
27.39,7.34,12.56,-0.13,0.01,0.84,1
30.16,6.86,17.1,-2.18,-0.52,24.25,0
28.13,7.61,6.22,0.2,-0.06,0.61,1
22.89,4.47,73.15,0.05,-0.09,0.9,0
26.0,6.97,17.0,0.13,-0.09,-0.31,1
31.96,7.59,14.65,0.1,-0.08,0.45,1
28.33,8.01,19.81,-1.96,0.61,29.59,0
29.83,6.79,17.47,1.88,0.68,32.81,0
27.23,6.56,17.37,0.27,-0.07,-0.32,1
36.06,10.12,99.68,-0.25,0.07,-0.72,0
30.74,7.24,49.84,-2.93,-0.77,31.94,0
31.06,7.25,15.65,0.29,0.01,-0.67,1
26.61,7.32,12.71,-0.02,-0.06,0.65,1
36.15,10.2,60.55,0.19,0.02,0.69,0
20.8,4.1,35.89,-0.22,0.06,0.79,0
31.49,6.55,17.29,0.19,-0.06,-0.99,1
25.16,8.32,3.37,-0.14,0.1,-0.5,1
27.8,7.28,12.27,0.18,-0.04,0.96,1
27.01,7.32,11.5,0.27,0.04,0.75,1
36.44,6.11,35.65,-0.27,0.03,-0.51,0
27.18,7.27,10.27,0.05,-0.01,0.95,1
26.98,6.96,7.15,0.03,0.07,0.41,1
27.56,6.67,17.85,0.12,-0.03,-0.3,1
34.19,9.67,70.73,0.21,-0.02,-0.2,0
23.81,4.75,99.77,-0.2,0.05,-0.02,0
25.39,8.25,7.08,0.01,-0.01,0.31,1
29.55,7.82,2.99,0.17,-0.04,0.29,1
22.95,4.75,58.89,0.3,0.01,0.19,0
29.52,8.45,26.11,-2.85,0.6,37.56,0
25.41,7.44,7.02,-0.09,0.07,0.33,1
28.39,7.09,14.24,0.04,0.02,0.47,1
31.9,8.36,18.48,-0.05,0.08,0.65,1
30.83,8.19,7.05,-0.18,0.08,0.98,1
31.9,7.39,19.99,-0.27,-0.08,-0.9,1
28.04,7.23,31.82,2.24,0.58,29.09,0
27.32,7.14,10.14,0.02,-0.04,-0.24,1
26.33,7.1,4.86,0.29,-0.05,-0.12,1
29.28,8.11,2.98,-0.17,0.01,0.86,1
22.2,10.09,66.09,0.21,0.05,0.33,0
28.94,7.74,32.04,2.95,-0.66,30.89,0
30.53,7.9,1.86,0.14,-0.02,0.81,1
26.99,7.35,16.63,-0.28,0.08,-0.44,1
26.91,7.26,0.24,-0.16,-0.02,-0.47,1
25.21,7.03,34.57,1.52,0.89,15.4,0
30.46,6.74,17.51,0.13,-0.08,-0.46,1
31.69,8.23,40.77,2.25,0.99,20.44,0
25.39,6.61,13.75,0.12,0.07,-0.87,1
29.4,7.71,10.67,0.03,0.0,-0.88,1
29.38,7.5,7.2,-0.06,0.09,-0.37,1
28.99,7.64,10.57,-0.19,0.05,0.76,1
26.61,7.5,6.22,-0.02,-0.09,0.41,1
28.4,7.79,34.72,-2.6,-0.86,26.04,0
27.5,7.3,1.48,0.09,-0.07,-0.17,1
20.36,9.3,73.78,-0.05,0.03,-0.47,0
28.96,7.49,25.27,2.0,0.89,23.39,0
24.0,4.96,62.83,0.29,-0.07,-0.27,0
28.34,8.46,17.07,0.09,0.05,-0.23,1
31.26,8.38,21.3,-2.54,0.73,23.27,0
27.95,7.04,49.5,-2.05,0.72,33.01,0
27.88,7.15,12.31,-0.13,0.03,-0.24,1
31.5,6.81,46.41,1.54,0.7,35.59,0
27.25,7.33,15.09,2.87,-0.63,31.37,0
25.17,6.86,40.02,2.54,0.93,24.16,0
31.56,7.49,19.2,0.06,-0.03,-0.04,1
25.22,6.61,18.27,0.29,-0.07,-0.78,1
31.49,8.29,0.79,0.08,0.03,0.32,1
31.61,7.38,4.13,-0.05,0.06,-0.68,1
21.09,5.59,62.75,-0.08,-0.03,-0.28,0
22.96,5.67,60.52,-0.28,0.02,0.31,0
20.28,10.25,37.7,0.0,-0.02,0.96,0
21.53,4.78,73.16,-0.04,-0.05,-0.62,0
28.35,7.95,7.85,0.02,0.0,0.28,1
25.73,7.62,9.02,-0.15,-0.08,-0.22,1
28.82,7.22,19.42,-1.7,0.52,15.16,0
30.99,7.74,14.88,0.12,-0.05,-0.44,1
27.04,7.28,18.96,0.25,-0.1,0.69,1
26.34,7.53,18.65,0.19,0.03,0.74,1
28.6,7.43,3.4,-0.09,-0.02,0.96,1
31.68,8.23,15.29,0.04,-0.08,-0.72,1
29.91,8.31,17.21,0.24,0.06,-0.42,1
20.13,10.43,86.57,-0.26,-0.02,-0.14,0
21.1,5.99,90.33,-0.14,0.05,0.91,0
30.93,7.67,6.53,-0.19,0.03,-0.1,1
37.38,6.08,71.01,-0.08,-0.01,-0.61,0
27.99,7.07,11.41,0.24,0.02,-0.66,1
28.98,7.38,47.92,-2.22,0.62,29.97,0
31.46,8.35,16.73,0.19,-0.07,0.07,1
25.42,8.41,19.63,-0.19,0.09,0.8,1
26.86,8.35,3.12,0.09,-0.08,0.49,1
30.45,7.81,37.77,-2.92,0.72,36.53,0
31.72,6.68,19.5,-2.46,0.57,32.41,0
35.89,4.57,39.26,0.22,-0.09,0.72,0
30.27,7.78,13.9,-0.1,-0.02,0.27,1
29.32,6.82,33.41,2.22,0.95,35.47,0
26.36,8.03,17.67,-0.03,0.01,-0.28,1
29.86,7.47,1.14,0.19,0.05,0.51,1
25.25,7.79,11.14,0.21,0.03,-0.69,1
30.86,6.84,38.72,2.72,0.58,37.24,0
28.86,8.44,2.78,-0.12,0.07,-0.6,1
20.5,6.02,90.26,0.13,0.07,-0.95,0
29.47,7.02,1.39,0.0,0.1,1.0,1
25.43,7.66,21.15,2.79,-0.64,18.13,0
21.8,10.5,80.61,0.04,0.05,-0.91,0
31.84,8.26,1.4,-0.12,0.06,0.99,1
27.72,6.97,3.75,0.29,-0.02,0.31,1
28.03,6.58,48.88,1.78,0.63,39.34,0
36.51,5.33,70.1,-0.23,0.08,0.95,0
25.84,8.13,0.29,0.15,0.02,0.18,1
29.14,7.16,5.16,-0.11,-0.03,0.4,1
28.61,8.31,12.0,0.01,-0.01,0.9,1
29.88,7.76,3.51,0.15,-0.07,0.0,1
27.36,6.51,12.81,0.3,0.01,-0.54,1
24.07,9.11,87.96,-0.3,0.08,-0.87,0
29.53,6.59,18.01,0.24,-0.07,-0.07,1
25.82,6.9,17.8,2.96,-0.62,33.34,0
25.79,7.8,4.38,-0.08,-0.04,-0.4,1
21.8,10.22,77.72,-0.01,-0.08,-0.36,0
27.7,7.1,36.46,2.36,-0.53,30.87,0
28.99,8.01,15.98,0.23,0.07,-0.7,1
27.13,6.57,35.7,2.43,0.79,21.19,0
29.73,7.25,3.95,0.18,0.03,0.04,1
31.23,8.15,15.86,0.24,-0.08,0.04,1
27.39,7.24,13.05,0.1,0.01,-0.64,1
26.58,7.01,4.18,0.02,-0.02,-0.06,1
22.81,4.78,94.46,0.28,-0.07,0.76,0
29.05,6.65,40.2,1.6,0.69,19.66,0
35.85,5.45,42.44,-0.03,-0.08,-0.4,0
27.04,7.81,13.0,-0.03,0.01,0.06,1
25.38,6.61,0.8,-0.27,0.05,-0.64,1
31.87,7.93,16.67,2.74,0.88,23.06,0
31.74,7.36,15.39,-0.03,-0.06,0.86,1
25.96,6.66,5.06,0.11,0.1,0.98,1
28.21,7.16,49.66,-2.72,-0.65,28.16,0
25.96,7.37,48.45,-2.51,-0.5,26.25,0
30.48,7.88,2.58,-0.12,0.0,0.6,1
37.81,9.19,38.79,0.29,-0.01,-0.01,0
28.29,7.49,8.54,0.24,-0.03,-0.32,1
21.46,9.95,55.25,0.19,0.01,0.14,0
36.8,9.21,65.15,0.05,0.01,-0.4,0
29.88,8.1,5.65,-0.01,0.01,0.54,1
26.62,6.53,5.04,0.19,0.06,-0.61,1
30.71,7.13,2.17,-0.16,-0.09,-0.11,1
22.44,10.47,69.23,0.25,0.03,0.62,0
25.45,7.07,9.09,0.2,-0.07,0.44,1
27.73,6.8,7.82,-0.09,-0.07,0.31,1
31.18,6.58,45.45,1.96,-0.81,17.44,0
25.15,8.05,3.22,0.08,-0.08,-0.26,1
31.93,7.85,16.57,-0.17,0.05,-0.82,1
31.45,8.23,41.27,2.25,0.93,22.43,0
31.43,7.11,8.56,-0.02,-0.04,0.86,1
25.81,7.77,40.37,1.55,0.75,25.29,0
37.3,10.4,96.74,-0.22,0.04,-0.97,0
25.85,8.21,15.6,-0.06,0.07,-0.87,1
25.64,7.79,4.11,0.1,-0.1,-0.63,1
26.46,6.79,0.25,0.07,0.03,-0.38,1
37.12,5.36,99.18,-0.06,0.07,-0.98,0
29.94,6.63,4.58,0.25,-0.01,-0.93,1
33.99,9.28,98.45,0.26,0.07,-0.74,0
28.21,8.26,7.07,0.05,0.08,-0.39,1
22.58,9.02,84.15,-0.17,-0.1,0.34,0
28.45,6.83,16.88,-0.18,-0.0,-0.1,1
28.15,8.25,39.71,1.8,-0.96,28.54,0
36.03,5.96,63.74,-0.27,-0.08,0.9,0
31.85,8.43,29.52,2.45,-0.56,26.94,0
31.97,8.27,15.57,0.17,0.04,0.02,1
21.99,5.69,73.13,-0.09,-0.08,0.54,0
21.84,8.82,36.17,0.09,-0.01,0.8,0
29.17,8.07,0.76,0.17,-0.08,0.24,1
25.42,6.57,12.04,-0.15,-0.09,0.43,1
25.92,6.84,2.97,-0.22,0.02,0.77,1
29.67,6.98,16.46,-0.01,-0.08,-0.64,1
30.1,7.12,15.95,0.05,-0.0,0.52,1
27.82,6.57,19.15,-0.05,-0.02,0.14,1
26.07,7.72,10.37,0.08,-0.09,0.27,1
34.26,9.91,47.09,0.11,-0.03,0.28,0
29.05,8.0,25.43,-1.92,0.62,38.34,0
25.99,7.71,10.49,-0.23,0.03,0.61,1
26.49,7.82,17.24,2.84,0.66,24.28,0
27.11,6.52,5.64,0.27,-0.0,0.3,1
25.3,6.92,12.43,0.09,0.04,0.93,1
25.69,8.22,1.27,0.27,-0.05,0.25,1
25.79,8.13,6.51,-0.06,-0.06,-0.46,1
22.83,5.73,60.69,-0.05,-0.02,-0.6,0
35.64,9.57,76.49,-0.05,0.09,0.47,0
35.4,9.86,88.34,-0.09,-0.01,-0.17,0
25.93,7.8,14.07,-0.25,-0.0,0.78,1
25.98,7.26,8.63,-0.1,0.05,0.73,1
26.42,8.17,1.65,-0.06,0.05,0.95,1
25.64,7.8,5.45,-0.01,0.01,0.01,1
28.36,7.33,28.59,-2.57,0.75,19.14,0
29.62,7.32,8.38,0.1,0.0,0.31,1
25.73,7.54,15.39,0.27,-0.04,-0.14,1
23.67,9.89,61.99,-0.11,0.09,0.22,0
26.02,6.94,5.82,-0.21,-0.07,-0.44,1
25.19,7.38,12.89,0.04,-0.0,0.1,1
30.6,8.42,6.59,-0.25,0.03,0.77,1
26.99,6.95,47.11,2.29,0.66,35.96,0
27.21,6.91,17.21,0.26,-0.08,-0.15,1
30.29,7.46,9.26,0.04,0.09,0.69,1
25.83,7.88,21.19,-2.9,0.68,38.89,0
27.63,7.68,2.28,0.15,-0.06,-0.5,1
30.7,7.11,14.23,0.16,-0.03,-0.55,1
31.7,7.37,6.95,0.14,0.02,-0.95,1
31.82,8.44,36.16,2.19,0.61,36.71,0
25.86,7.69,15.28,-0.03,0.06,-0.71,1
26.96,7.43,6.29,-0.27,0.02,0.56,1
35.35,4.88,94.72,-0.06,-0.07,0.67,0
25.69,6.68,8.81,-0.12,-0.05,-0.3,1
22.79,10.46,44.74,0.28,-0.09,-0.8,0
25.74,6.99,17.46,-1.83,0.94,36.59,0
31.96,7.65,9.83,0.02,-0.06,0.08,1
22.43,10.2,65.06,-0.14,-0.06,0.19,0
26.75,7.51,12.67,0.03,0.09,0.06,1
29.49,6.82,25.38,-2.99,0.96,22.38,0
33.35,9.52,51.51,-0.15,-0.04,-0.3,0
30.2,7.34,12.47,-0.12,-0.01,-0.38,1
27.15,8.09,18.29,1.79,-0.98,27.06,0
30.46,8.43,5.83,0.14,0.0,0.53,1
28.55,7.23,7.03,-0.28,0.1,-0.97,1
25.43,8.18,2.46,0.18,-0.07,-0.93,1
31.01,7.11,2.07,-0.3,0.02,-0.75,1
34.8,5.43,82.3,0.08,0.08,0.41,0
32.57,4.99,40.97,-0.3,-0.04,-0.58,0
28.03,6.89,16.39,0.05,0.01,0.15,1
25.75,7.99,7.07,0.11,-0.08,-0.44,1
23.68,4.35,87.33,0.28,-0.06,0.48,0
28.68,7.07,39.75,2.9,0.67,28.72,0
31.33,8.39,31.82,-2.39,0.86,15.45,0
29.13,7.69,4.31,0.06,0.09,0.95,1
29.19,8.09,6.17,-0.03,-0.0,0.81,1
29.79,8.26,18.91,0.06,0.09,0.24,1
31.46,7.19,2.46,-0.09,0.02,0.46,1
25.29,7.41,23.92,2.02,0.84,16.88,0
22.61,8.97,36.1,0.14,-0.08,-0.83,0
35.2,10.45,41.2,0.02,-0.07,0.31,0
27.41,7.09,19.88,-0.1,0.02,0.04,1
30.16,8.46,12.44,-0.3,0.04,-0.26,1
25.8,7.99,10.75,0.29,0.01,-0.61,1
31.79,7.55,13.21,-0.1,0.0,0.04,1
30.79,6.51,10.41,0.2,0.09,-0.87,1
28.59,6.59,25.7,2.91,0.76,23.99,0
30.79,8.06,1.5,0.27,0.03,-0.46,1
27.99,6.82,49.79,-2.67,0.71,26.14,0
29.53,8.37,2.23,-0.2,-0.03,-0.96,1
27.46,7.24,19.1,0.17,0.08,0.56,1
22.17,9.1,64.8,0.06,-0.0,0.65,0
28.57,6.55,9.48,0.22,-0.02,0.37,1
26.44,6.98,3.81,-0.21,0.03,-0.42,1
30.01,6.6,7.59,0.19,-0.04,-0.13,1
28.1,7.59,15.26,-0.26,-0.02,-0.94,1
32.55,6.06,75.62,-0.13,-0.04,0.07,0
23.19,9.16,66.14,-0.28,0.09,-0.08,0
29.74,6.57,2.16,-0.03,-0.08,0.76,1
28.45,7.08,2.17,-0.03,-0.09,-0.16,1
27.62,7.39,8.36,0.19,0.02,-0.76,1
30.87,7.92,29.4,1.97,0.75,18.58,0
31.63,8.47,17.67,0.2,0.07,0.79,1
26.85,6.96,7.02,-0.09,0.04,-0.05,1
27.34,7.11,6.67,-0.08,-0.07,-0.39,1
28.55,8.3,8.89,-0.01,-0.08,-0.04,1
27.86,7.21,6.0,-0.15,-0.08,-0.78,1
27.16,7.67,3.77,-0.19,-0.06,-0.85,1
27.88,7.0,7.82,-0.1,-0.04,-0.45,1
29.77,8.07,10.63,0.08,0.08,0.88,1
27.48,8.38,6.43,-0.07,-0.0,-0.79,1
20.44,10.09,39.88,-0.28,0.06,0.76,0
28.93,7.64,10.24,-0.03,-0.0,0.41,1
29.18,6.94,18.76,0.13,0.01,-0.46,1
25.93,8.12,6.49,-0.26,0.07,0.26,1
29.81,6.5,18.22,-2.69,-0.92,27.13,0
28.11,7.7,15.23,0.04,-0.03,-0.69,1
27.46,7.59,18.74,0.29,0.09,0.74,1
29.7,7.9,7.61,-0.19,-0.03,0.1,1
29.62,7.52,18.83,-0.11,0.04,0.45,1
35.0,5.86,63.1,0.28,-0.08,-0.69,0
28.27,6.82,2.74,-0.25,-0.01,-0.24,1
28.87,7.74,37.42,2.31,0.6,30.16,0
26.9,7.52,17.76,-0.14,-0.08,-0.45,1
28.09,7.25,12.0,-0.2,0.04,-0.53,1
31.99,7.63,16.06,-0.1,-0.07,-0.25,1
31.1,8.05,17.14,-0.09,0.08,-0.92,1
29.99,7.95,24.5,-2.52,0.95,29.11,0
28.43,7.4,2.99,0.2,-0.0,0.64,1
31.68,8.12,40.51,-1.99,-0.71,21.01,0
27.71,6.88,17.47,-0.08,0.01,0.08,1
26.21,7.97,12.01,-0.27,0.1,0.98,1
21.79,4.95,85.62,0.3,-0.08,0.51,0
30.13,7.47,13.87,-0.19,-0.01,-0.08,1
29.46,7.43,7.45,0.23,-0.07,0.04,1
29.35,8.43,41.68,2.65,-0.66,22.37,0
31.38,8.2,17.17,0.05,-0.09,0.49,1
27.35,7.04,19.66,-0.07,-0.04,-0.74,1
27.38,6.99,1.64,-0.26,-0.02,0.37,1
31.07,6.8,1.04,-0.08,0.02,0.85,1
28.33,6.79,30.03,2.07,0.75,33.46,0
28.05,6.95,12.65,-0.27,-0.07,-0.06,1
31.95,8.09,10.85,-0.06,0.03,0.07,1
25.44,7.18,2.1,-0.01,-0.03,-0.52,1
31.93,8.09,13.14,0.18,-0.07,0.33,1
24.43,4.78,94.27,-0.02,0.02,0.73,0
27.5,7.32,7.81,-0.03,-0.08,-0.31,1
26.78,6.69,17.53,1.64,0.59,26.15,0
28.99,7.83,30.85,-2.11,-0.81,17.35,0
30.71,6.68,9.16,0.14,-0.07,0.89,1
24.05,9.68,39.65,-0.11,-0.07,-0.82,0
25.43,8.03,18.43,0.1,0.05,0.06,1
28.66,7.32,15.21,0.06,0.06,0.19,1
30.09,7.76,15.41,-0.03,-0.06,0.33,1
21.22,10.27,91.77,0.22,0.0,-0.14,0
21.58,4.63,89.55,-0.29,-0.06,0.58,0
30.63,7.11,2.14,0.14,0.05,0.27,1
29.34,8.24,6.22,0.15,0.06,-0.82,1
30.74,7.3,13.05,0.02,0.08,0.02,1
31.69,7.85,13.0,0.05,0.02,-0.36,1
29.3,7.29,10.67,0.13,0.09,-0.24,1
33.45,5.62,67.12,-0.01,0.06,0.79,0
32.74,5.34,66.44,0.05,-0.07,0.4,0
30.07,8.3,17.28,-2.33,-0.89,23.7,0
30.52,8.24,6.01,0.25,0.02,-0.2,1
28.65,7.94,44.24,-2.71,-0.75,28.27,0
27.34,6.78,6.41,-0.26,0.05,-0.78,1
27.66,6.64,21.02,-2.58,0.61,17.63,0
30.62,7.48,8.23,-0.27,0.1,-0.05,1
23.64,9.55,62.54,-0.15,-0.05,-0.63,0
26.97,7.31,19.46,-0.06,0.05,-0.96,1
25.14,7.11,14.03,-0.06,-0.03,-0.78,1
25.22,7.38,1.51,-0.06,0.08,-0.71,1
28.87,7.92,12.43,-0.21,0.06,0.66,1
27.95,8.2,1.84,0.1,0.03,0.64,1
31.55,7.48,6.94,-0.1,0.06,-0.49,1
29.71,8.27,16.35,0.09,-0.08,-0.68,1
29.84,7.59,37.3,2.42,0.85,16.36,0
31.03,6.69,7.47,0.09,0.03,-0.17,1
28.88,7.19,27.42,-2.96,0.52,39.8,0
28.57,6.75,41.93,-1.92,0.55,35.74,0
26.89,8.47,35.98,2.5,-0.62,22.52,0
31.08,7.74,4.53,-0.28,0.07,-0.3,1
30.77,8.5,17.61,-0.18,0.07,-0.45,1
30.57,7.85,36.13,1.9,-0.79,37.4,0
36.5,8.94,75.37,0.16,-0.09,0.61,0
36.51,4.06,86.89,-0.22,0.08,0.07,0
33.35,10.39,72.39,0.02,0.06,-0.08,0
30.16,6.92,9.87,0.19,0.06,0.65,1
28.43,6.9,2.84,-0.14,0.07,-0.37,1
31.3,7.54,6.43,-0.22,-0.08,-0.63,1
30.62,8.31,33.7,-2.77,-0.95,37.7,0
35.19,5.35,65.95,0.25,-0.01,0.48,0
29.25,8.46,9.82,-0.24,-0.03,-0.35,1
23.03,9.69,52.91,0.14,0.05,-0.77,0
36.93,9.21,97.44,-0.02,-0.01,0.62,0
37.88,9.06,39.85,-0.23,0.04,-0.22,0
29.93,7.59,5.77,-0.08,-0.02,0.93,1
22.1,4.75,90.14,-0.26,-0.0,-0.62,0
25.58,8.3,15.09,1.96,0.71,29.74,0
28.61,8.12,2.12,-0.21,-0.0,0.74,1
28.04,6.94,15.5,0.02,-0.05,0.58,1
30.87,7.49,49.4,-2.04,0.83,16.08,0
28.53,7.31,47.38,2.73,-0.87,23.44,0
27.35,8.43,18.67,-0.04,0.02,0.15,1
26.3,6.7,39.3,-2.46,-0.56,33.73,0
30.51,7.75,11.35,-0.26,-0.01,-0.14,1
31.24,7.88,16.85,0.17,0.05,0.65,1
27.43,8.06,36.94,-2.68,0.79,30.59,0
27.32,7.88,8.4,-0.04,0.02,-0.72,1
28.03,8.32,16.97,-0.24,-0.06,0.23,1
31.95,6.65,4.03,-0.26,-0.06,0.04,1
26.97,6.8,15.97,-0.13,0.06,0.45,1
29.66,8.0,6.85,-0.01,0.09,0.16,1
22.43,10.3,77.6,0.18,-0.0,0.11,0
30.63,7.66,48.47,1.52,1.0,21.3,0
30.7,7.43,8.28,-0.03,-0.08,0.5,1
28.42,7.27,11.73,0.24,-0.01,0.57,1
31.58,7.17,13.94,-0.27,-0.08,0.73,1
29.65,6.89,31.86,2.29,-0.96,24.06,0
37.58,4.9,59.62,0.01,0.06,-0.73,0
29.55,8.05,18.48,0.07,0.06,-0.78,1
26.3,7.49,15.24,2.3,-1.0,32.57,0
25.48,8.45,4.77,0.28,0.03,0.0,1
28.56,8.43,15.22,0.28,0.01,0.39,1
30.3,7.19,18.03,-0.03,-0.1,0.66,1
35.79,9.07,65.97,-0.05,-0.09,-0.22,0
26.94,6.92,10.34,-0.21,-0.05,0.99,1
31.78,7.35,26.91,2.22,0.86,16.33,0
34.14,10.05,73.82,0.02,0.05,-0.33,0
29.98,7.32,36.6,-1.94,-0.53,33.22,0
28.71,6.75,18.5,0.21,0.1,0.42,1
27.48,7.36,4.36,0.12,-0.1,0.6,1
25.32,7.52,6.91,-0.22,-0.07,-0.27,1
29.41,8.1,17.4,0.01,0.01,-0.51,1
30.68,7.17,34.95,-2.95,0.51,16.91,0
28.36,8.12,32.03,-2.53,0.88,32.0,0
27.71,8.02,2.91,0.03,-0.09,0.89,1
21.99,10.15,85.15,0.24,-0.08,-0.36,0
21.37,9.63,45.15,-0.03,-0.08,0.32,0
25.78,7.18,1.07,0.2,-0.09,-0.87,1
28.0,6.58,19.15,-0.27,0.01,0.47,1
30.49,6.69,19.55,0.25,0.0,-0.11,1
29.85,7.07,7.37,0.21,-0.06,0.39,1
25.34,6.88,26.96,2.58,0.57,23.78,0
31.28,8.1,3.68,0.2,-0.01,0.5,1
28.0,7.46,3.54,-0.03,-0.02,-0.11,1
31.31,8.06,6.76,0.16,-0.08,-0.25,1
37.03,5.29,66.7,-0.22,0.0,0.23,0
29.45,7.97,21.41,2.69,0.57,30.62,0
28.44,6.65,6.51,-0.08,-0.09,-0.51,1
29.61,7.55,18.72,0.03,0.05,0.22,1
26.37,7.07,17.24,0.0,0.06,-0.24,1
26.65,7.32,11.97,0.11,-0.05,-0.54,1
20.22,4.7,86.18,-0.11,0.07,0.42,0
26.18,8.16,1.24,-0.24,-0.07,0.77,1
30.82,7.56,8.18,0.23,0.02,-0.65,1
28.88,7.42,17.33,-0.2,-0.09,-0.41,1
29.9,7.81,39.24,1.7,0.8,25.66,0
27.78,7.74,0.33,0.02,0.06,0.18,1
27.22,7.49,3.56,0.04,0.07,0.43,1
29.06,7.92,12.55,0.13,0.02,0.11,1
28.34,6.7,15.0,-0.03,-0.06,0.43,1
27.19,7.84,12.21,-0.26,0.02,-0.56,1
31.56,7.96,15.76,0.26,-0.0,-0.49,1
26.19,8.31,29.98,-1.97,-0.87,22.83,0
29.86,6.81,8.34,0.12,-0.03,-0.41,1
20.22,10.17,54.98,0.02,0.06,-0.86,0
26.57,6.78,46.97,-2.35,0.73,30.07,0
26.6,6.58,1.26,-0.12,0.08,-0.3,1
26.22,7.87,43.89,-1.66,-0.57,31.26,0
27.3,7.25,7.13,-0.2,0.09,0.48,1
31.43,7.79,9.06,-0.15,-0.09,0.71,1
28.26,7.96,18.12,0.14,0.1,0.66,1
24.49,8.87,85.09,-0.25,0.03,0.84,0
29.02,7.06,2.67,-0.17,-0.05,0.97,1
28.22,6.68,7.5,0.3,0.04,0.01,1
26.82,8.28,6.34,0.16,-0.05,-0.79,1
31.29,8.06,6.81,-0.2,0.08,0.33,1
28.39,7.59,9.46,0.29,0.09,0.02,1
30.4,7.93,6.93,0.04,0.09,-0.07,1
26.23,7.84,12.06,-0.15,-0.04,0.84,1
31.24,7.25,9.17,-0.11,-0.1,-0.82,1
22.77,9.76,59.75,-0.28,-0.05,-0.8,0
25.8,7.38,19.99,0.12,-0.08,-0.78,1
29.65,6.73,45.43,-2.53,-0.95,20.42,0
36.93,10.31,80.35,0.27,-0.05,-0.3,0
31.23,6.9,35.2,-2.19,-0.62,21.77,0
26.03,7.19,13.39,0.15,-0.06,-0.34,1
24.04,5.15,63.69,-0.18,-0.01,0.47,0
37.33,9.46,49.58,-0.28,-0.05,0.8,0
26.93,8.32,3.6,0.26,0.01,-0.7,1
25.16,7.94,4.77,0.18,-0.08,0.72,1
25.21,8.04,34.36,-2.81,-0.99,19.33,0
25.24,8.33,11.17,0.04,-0.1,-0.49,1
26.0,7.76,13.47,0.09,0.01,-0.71,1
29.81,7.21,18.14,0.03,-0.05,-0.13,1
29.28,6.78,33.95,-1.93,-0.62,25.61,0
25.62,6.88,4.88,0.23,-0.09,0.63,1
28.87,7.48,40.63,2.54,-0.55,33.72,0
37.35,4.79,89.04,0.25,-0.1,-0.53,0
25.42,8.25,18.14,-0.0,0.09,0.57,1
27.75,8.3,10.79,-0.23,-0.01,-0.09,1
31.04,8.12,2.59,0.27,0.1,0.47,1
20.72,8.85,72.92,0.07,-0.06,0.86,0
34.89,5.36,89.76,0.18,-0.01,-0.27,0
24.3,9.92,39.48,0.25,-0.07,-0.35,0
26.57,7.73,9.48,-0.14,-0.01,0.11,1
23.69,4.56,92.92,-0.04,0.05,0.26,0
25.61,7.01,8.6,0.15,0.02,-0.43,1
28.78,8.22,5.84,-0.03,-0.04,0.14,1
31.67,6.79,19.84,-0.03,-0.03,0.54,1
26.35,8.4,1.4,0.13,-0.04,0.99,1
25.73,6.5,14.55,-0.13,-0.03,-0.76,1
25.91,8.05,18.84,0.04,0.07,-0.74,1
31.4,7.77,16.79,0.29,0.01,0.21,1
26.5,8.47,0.21,-0.3,-0.04,-0.72,1
29.34,7.84,27.55,1.76,0.86,38.23,0
28.78,8.32,2.54,0.03,0.03,-0.54,1
31.26,6.51,8.71,0.04,0.03,0.85,1
30.87,7.28,13.68,-0.27,0.08,-0.91,1
28.15,8.11,1.97,0.28,0.06,-0.48,1
29.08,6.76,4.18,0.06,-0.09,0.19,1
28.57,8.15,4.31,0.07,-0.04,0.45,1
22.02,4.46,66.42,0.15,-0.05,-0.9,0
28.28,7.54,1.88,0.1,0.04,0.52,1
28.64,8.32,0.47,0.0,-0.09,-0.88,1
25.07,6.78,31.31,-2.77,-0.51,20.71,0
31.59,8.34,3.23,-0.04,0.08,0.02,1
27.96,7.05,3.37,-0.24,0.07,-0.97,1
31.82,7.31,18.57,-0.0,-0.04,-0.26,1
22.93,6.03,65.88,-0.25,0.01,0.78,0
31.46,7.95,15.71,-0.22,-0.01,0.4,1
30.12,7.9,10.67,0.19,-0.08,-0.75,1
25.63,8.08,19.48,0.16,0.05,-0.72,1
29.52,7.04,17.36,0.25,0.09,-0.12,1
27.65,7.58,1.34,-0.26,-0.04,-0.26,1
26.61,6.67,18.05,-0.17,-0.06,-0.62,1
27.18,6.68,10.64,0.07,-0.02,-0.32,1
33.02,4.8,71.16,0.01,-0.03,-0.59,0
29.96,8.27,15.06,0.18,0.04,-0.21,1
21.19,5.43,53.26,-0.03,0.08,0.97,0
28.86,6.75,10.85,0.28,-0.07,0.18,1
27.48,6.55,8.12,-0.15,0.06,0.95,1
26.52,7.1,23.49,2.55,-0.79,23.26,0
29.55,8.09,37.29,2.78,0.66,26.1,0
35.28,10.38,66.54,0.27,-0.03,0.24,0
30.92,6.62,27.0,1.74,0.64,18.97,0
25.5,8.47,15.29,0.02,-0.04,-0.93,1
28.63,6.89,49.66,-2.57,0.97,39.48,0
28.48,7.91,14.57,-0.11,0.0,0.27,1
26.67,7.99,13.85,0.23,0.01,0.22,1
30.3,7.69,13.61,-0.02,-0.01,0.29,1
29.41,7.87,17.39,-0.03,0.02,0.54,1
29.76,6.58,23.15,2.14,-0.69,34.84,0
22.4,4.01,58.95,-0.11,0.05,0.55,0
29.87,7.88,44.79,-2.75,0.53,15.6,0
27.99,6.91,12.1,-0.17,-0.03,-0.08,1
28.2,7.7,33.98,-1.64,0.84,22.2,0
28.72,7.6,33.19,2.6,0.89,30.69,0
31.72,6.56,10.16,0.02,-0.08,0.61,1
26.98,6.73,19.56,2.05,-0.97,31.7,0
26.97,7.06,8.26,0.01,0.07,0.72,1
29.61,8.48,33.26,-2.06,-0.68,17.39,0
26.24,7.89,1.24,0.23,-0.08,-0.55,1
20.96,9.56,77.65,-0.22,-0.02,0.04,0
27.25,7.65,11.8,-0.28,-0.04,-0.7,1
29.94,8.04,12.73,0.01,-0.01,0.92,1
25.44,6.74,46.07,1.92,-0.9,23.61,0
27.96,8.43,14.19,-0.01,0.08,0.03,1
25.1,6.82,5.39,-0.15,0.08,0.28,1
28.76,7.07,14.97,0.04,0.1,0.58,1
27.24,7.21,5.35,-0.09,0.07,-0.64,1
31.37,7.69,16.11,-0.0,0.04,-0.27,1
22.32,5.74,51.53,0.25,-0.05,0.06,0
33.68,9.9,94.6,-0.05,0.05,-0.76,0
26.18,7.97,3.43,0.29,-0.09,0.2,1
30.92,6.51,4.83,0.06,0.06,-0.79,1
37.87,9.67,74.06,0.21,0.07,0.19,0
37.78,10.43,58.06,-0.23,-0.04,0.74,0
30.47,8.2,24.91,1.86,-0.51,33.09,0
30.12,7.33,0.39,-0.07,-0.0,-0.75,1
26.98,7.46,14.73,0.11,0.07,-0.33,1
31.99,7.53,25.41,2.71,-0.61,26.63,0
23.47,9.23,83.49,-0.01,0.03,-0.85,0
31.94,7.38,6.18,-0.21,-0.09,-0.0,1
31.96,7.38,22.63,2.47,0.73,30.91,0
33.88,5.22,51.96,-0.17,-0.02,-0.35,0
27.87,7.1,44.81,1.9,-0.9,25.18,0
26.03,7.32,7.71,-0.23,-0.03,0.01,1
30.21,7.23,18.46,-0.08,0.01,-0.58,1
25.11,6.8,41.19,2.91,0.79,28.91,0
29.43,7.76,49.81,-2.4,1.0,27.46,0
31.24,7.48,18.84,-0.3,-0.01,-0.44,1
25.53,7.05,18.39,0.15,0.1,-0.64,1
27.38,8.14,19.43,-0.02,0.08,0.71,1
27.61,6.99,7.9,0.03,-0.01,0.25,1
31.72,6.85,0.96,0.27,0.09,0.7,1
28.68,8.1,23.74,2.14,-0.9,16.3,0
29.32,8.12,48.36,-1.78,-0.68,20.24,0
25.94,7.31,15.54,0.26,0.06,0.27,1
27.29,6.92,14.61,-0.04,0.03,0.11,1
28.02,7.02,7.54,0.01,0.04,0.92,1
25.41,7.87,0.31,-0.18,0.07,0.1,1
20.7,9.99,83.31,0.09,0.09,-0.82,0
29.12,8.43,19.52,-0.16,-0.08,-0.4,1
28.19,8.21,1.42,-0.1,0.06,-0.42,1
28.04,8.23,7.65,0.26,0.07,-0.39,1
22.62,9.2,90.13,-0.15,0.05,-0.14,0
32.8,10.06,95.42,-0.29,-0.09,-0.13,0
27.88,6.55,4.39,0.02,0.04,-0.5,1
23.98,8.96,56.14,0.24,-0.02,-0.43,0
27.83,8.41,26.67,1.66,-0.9,26.43,0
23.34,9.44,42.7,0.03,0.08,0.02,0
27.52,8.42,9.23,0.21,0.05,-0.01,1
31.27,7.89,11.44,-0.02,0.04,0.64,1
29.54,7.55,17.53,-0.03,-0.01,-0.68,1
28.31,6.92,4.02,-0.18,-0.08,-0.55,1
31.55,6.56,16.51,-0.22,-0.09,0.87,1
27.81,7.72,0.51,-0.05,0.01,-0.59,1
25.75,6.75,1.96,-0.17,-0.01,-0.11,1
35.81,5.41,99.35,-0.27,0.03,0.58,0
29.39,8.06,12.86,-0.12,0.03,-0.1,1
25.5,7.41,4.23,-0.08,-0.09,-0.82,1
22.58,4.13,37.06,-0.02,0.06,-0.63,0
27.92,7.93,5.57,-0.11,0.0,0.67,1
23.95,5.15,75.81,-0.13,0.03,-0.92,0
27.19,7.51,18.17,0.19,0.09,-0.12,1
37.69,10.05,50.25,-0.28,-0.08,0.93,0
26.13,7.2,3.3,0.25,0.05,0.2,1
27.21,7.17,4.82,-0.05,0.08,-0.48,1
24.06,5.85,56.8,-0.25,-0.01,0.84,0
33.87,4.14,69.01,-0.2,-0.05,-0.77,0
25.37,8.45,7.82,-0.17,-0.1,-0.46,1
22.23,6.03,68.27,0.1,0.08,-0.84,0
29.15,6.71,9.49,0.26,-0.09,0.74,1
31.3,8.39,13.93,-0.28,0.07,-0.47,1
25.85,7.54,7.16,0.25,0.05,-0.01,1
30.0,7.92,26.67,1.71,0.83,16.25,0
30.1,6.82,12.64,-0.29,0.06,0.51,1
26.56,6.67,8.41,-0.18,-0.01,-0.39,1
37.7,5.65,74.51,0.25,-0.02,0.5,0
30.53,8.43,9.59,-0.08,0.03,-0.78,1
30.25,7.57,3.4,0.05,-0.04,-0.24,1
26.9,7.69,16.14,-0.11,-0.02,-0.48,1
26.88,8.45,7.64,0.15,-0.08,-0.78,1
35.3,6.17,57.34,0.13,0.04,-0.93,0
30.51,6.8,19.4,-0.23,-0.01,-0.56,1
29.27,6.8,2.65,-0.27,-0.09,0.17,1
26.78,7.78,10.88,0.24,-0.03,-0.44,1
29.22,6.63,4.64,-0.05,-0.03,0.72,1
26.08,7.28,0.81,0.17,-0.08,-0.9,1
20.27,5.44,66.82,-0.24,-0.04,0.28,0
31.6,6.96,1.12,0.2,0.08,-0.92,1
31.73,6.88,2.57,0.16,-0.09,-0.13,1
21.63,4.66,40.57,0.2,0.01,0.35,0
27.75,7.79,19.08,-0.12,0.02,0.27,1
30.3,6.92,15.67,-0.04,-0.01,-0.41,1
27.57,7.06,6.29,0.14,0.08,0.9,1
31.28,6.93,29.23,-2.87,0.74,33.27,0
33.63,10.03,98.8,-0.1,0.02,0.26,0
27.93,6.75,16.55,0.01,0.09,-0.18,1
23.53,9.07,60.4,-0.19,-0.02,-0.38,0
25.51,6.69,18.99,-0.15,0.03,-0.32,1
31.04,7.57,19.35,0.02,0.05,0.58,1
27.44,7.84,21.14,2.65,0.64,22.34,0
28.67,7.51,2.65,0.28,0.07,0.01,1
31.74,7.29,49.27,2.06,-0.73,28.41,0
28.11,7.17,47.3,2.6,0.72,24.65,0
35.54,8.95,44.52,0.25,-0.07,-0.03,0
31.28,7.7,17.06,-0.21,0.06,-0.29,1
30.02,8.31,12.2,0.26,-0.06,0.41,1
20.94,5.65,83.91,-0.14,0.02,0.33,0
29.14,8.11,9.06,0.05,0.06,-0.67,1
26.42,7.67,48.23,2.38,0.55,22.1,0
28.13,6.75,21.33,-2.97,-0.85,18.03,0
31.47,7.91,19.25,0.01,-0.09,0.02,1
30.61,7.45,46.42,1.9,-0.66,24.12,0
20.18,4.76,73.32,0.25,-0.04,0.31,0
22.67,9.8,38.08,0.03,-0.08,0.42,0
26.74,7.92,47.67,-2.7,-0.75,33.22,0
31.71,7.48,8.33,-0.06,0.07,-0.96,1
23.45,9.57,89.12,-0.24,0.05,-0.73,0
31.04,6.61,17.93,0.28,0.01,0.55,1
25.64,6.9,5.88,-0.26,-0.05,-0.79,1
27.61,8.31,9.04,0.24,-0.02,0.97,1
31.94,7.08,18.25,0.03,0.08,0.39,1
29.3,6.76,11.14,0.17,-0.08,-0.98,1
27.28,7.19,15.85,2.3,-0.85,20.31,0
30.53,7.58,15.2,-0.13,0.08,-0.18,1
27.27,6.72,31.22,-1.68,-0.77,39.5,0
26.01,6.7,10.51,-0.02,0.06,0.76,1
28.85,7.16,2.63,-0.05,0.07,-0.25,1
22.34,9.43,73.06,0.29,-0.09,0.77,0
31.46,6.81,18.93,0.19,-0.01,0.62,1
22.57,4.85,60.22,0.06,-0.01,-0.03,0
30.67,6.84,6.17,0.22,-0.09,0.6,1
25.56,7.21,8.29,-0.28,-0.02,0.9,1
27.9,8.12,5.9,0.3,0.1,-0.7,1
23.6,5.48,79.28,0.1,-0.06,-0.08,0
27.96,6.96,4.28,0.15,-0.01,0.18,1
29.45,7.99,14.94,-0.24,0.03,0.19,1
26.66,7.85,38.91,-2.07,0.56,26.3,0
28.51,8.45,43.84,-2.1,0.7,15.38,0
35.92,9.6,94.85,-0.02,-0.01,0.88,0
27.48,7.62,21.68,1.91,-0.71,22.5,0
25.85,7.01,15.99,0.12,0.01,0.32,1
29.4,8.07,42.09,-1.87,-0.97,16.62,0
27.4,7.89,4.46,-0.14,-0.09,0.18,1
27.03,6.93,2.91,0.04,-0.0,-0.33,1
29.56,6.91,9.66,-0.13,-0.01,-0.66,1
31.15,7.85,5.3,-0.21,-0.04,0.84,1
33.2,9.46,52.73,-0.16,-0.02,-0.86,0
26.71,7.99,15.17,0.16,-0.08,-0.79,1
29.55,7.02,18.25,-0.24,0.01,-0.07,1
29.11,7.77,17.31,0.26,-0.06,0.6,1
30.53,7.14,17.4,0.24,-0.1,-0.58,1
29.25,8.0,9.72,0.15,0.04,0.98,1
27.27,7.16,8.28,0.02,-0.06,-0.72,1
26.17,8.38,18.24,-0.27,-0.0,-0.78,1
29.69,6.77,4.03,0.21,-0.03,-0.72,1
30.47,7.18,15.1,0.23,-0.09,-0.8,1
27.31,7.76,13.94,-0.26,-0.08,0.91,1
36.48,10.03,98.46,-0.04,0.0,0.28,0
31.64,7.74,17.21,-0.21,0.04,-0.52,1
30.05,7.36,6.92,0.04,0.01,-0.01,1
31.77,6.83,45.03,-2.0,0.83,18.37,0
28.33,7.19,13.59,-0.21,0.07,0.67,1
30.69,7.96,8.65,0.0,-0.05,0.41,1
30.37,6.54,32.33,-2.15,-0.95,25.45,0
31.05,6.7,16.76,-0.21,-0.04,-0.27,1
26.87,6.93,15.95,-0.03,0.06,0.77,1
27.04,7.72,6.07,-0.21,0.08,0.92,1
24.06,10.01,63.81,-0.26,-0.09,-0.94,0
28.47,6.65,19.18,-0.19,-0.08,-0.89,1
28.37,6.88,9.78,0.23,0.05,-0.59,1
25.36,6.69,0.52,-0.04,-0.0,-0.69,1
28.2,7.42,12.65,0.16,0.05,-0.78,1
20.79,4.25,71.04,0.21,-0.01,-0.19,0
32.85,9.61,72.21,-0.0,-0.08,0.78,0
25.6,6.7,13.3,-0.2,0.02,-0.42,1
22.64,10.33,97.54,-0.27,-0.07,-0.67,0
29.5,8.48,1.69,-0.11,0.0,-0.98,1
36.71,10.04,84.48,-0.3,-0.04,-0.09,0
31.22,8.47,5.31,0.06,0.09,0.06,1
35.87,5.59,96.39,-0.15,0.07,0.46,0
26.66,7.77,40.25,2.75,0.86,25.0,0
31.8,6.66,46.86,-2.8,0.85,24.43,0
23.4,9.8,43.03,-0.27,-0.06,0.2,0
26.11,7.79,14.71,0.01,0.05,-0.22,1
25.64,7.92,25.23,-2.49,0.54,29.44,0
27.26,7.74,18.18,0.17,0.09,-0.73,1
25.51,8.31,3.69,-0.08,0.08,-0.65,1
25.35,7.62,1.21,0.09,0.02,-1.0,1
26.47,8.31,16.14,0.06,0.06,0.3,1
30.2,8.43,25.07,2.43,-0.53,23.22,0
30.09,8.31,15.77,-0.05,-0.04,-0.5,1
29.27,6.98,8.45,0.11,-0.01,-0.06,1
26.59,7.89,2.02,0.17,-0.03,0.49,1
28.47,7.09,6.26,-0.09,0.01,0.98,1
26.5,7.62,2.03,0.16,-0.01,0.55,1
28.3,6.93,6.15,0.19,0.07,-0.13,1
26.52,7.08,17.4,-2.77,-0.61,29.27,0
26.05,7.61,14.56,0.06,0.06,-0.44,1
28.29,6.65,17.43,0.03,0.03,0.98,1
30.32,6.64,6.54,-0.03,0.1,0.9,1
28.62,7.31,45.43,-2.06,-0.78,17.32,0
31.88,7.71,45.17,2.21,0.91,23.69,0
22.71,8.86,48.42,-0.28,-0.03,-0.05,0
26.09,7.13,18.67,-0.15,0.04,-0.08,1
31.03,7.3,18.63,-0.18,-0.01,0.35,1
31.2,6.73,1.03,-0.12,-0.08,-0.8,1
26.66,6.63,18.51,0.14,-0.03,0.82,1
26.11,8.05,41.59,1.93,0.74,35.67,0
30.32,7.03,40.49,-2.29,-0.91,28.47,0
31.42,7.37,12.32,-0.28,0.08,0.17,1
25.52,6.83,23.69,1.61,0.58,38.43,0
30.63,7.68,4.12,0.21,0.03,-0.23,1
30.26,7.52,18.7,-0.16,-0.03,0.99,1
30.56,6.99,5.95,0.26,-0.03,0.45,1
22.91,9.56,93.75,0.27,-0.06,0.99,0
30.73,6.9,29.48,-2.14,0.51,27.83,0
26.19,6.74,1.94,-0.19,-0.02,0.86,1
31.12,7.78,7.01,0.26,-0.04,-0.47,1
25.74,8.28,13.18,-0.28,0.03,-0.77,1
26.13,8.03,14.01,0.2,-0.1,-0.3,1
28.29,6.9,3.88,-0.02,0.08,-0.21,1
36.25,9.57,65.91,-0.24,-0.08,0.91,0
25.43,6.57,2.02,0.3,0.09,-0.96,1
30.09,7.39,9.75,0.14,0.09,-0.75,1
28.6,6.93,8.19,-0.11,-0.0,0.89,1
30.67,7.42,12.22,-0.16,0.04,0.21,1
21.03,10.23,60.0,-0.1,0.0,0.45,0
27.9,6.78,15.38,0.26,-0.03,0.87,1
25.97,7.51,18.45,-0.1,0.04,-0.05,1
31.99,8.13,0.5,0.19,0.02,-0.86,1
34.7,4.66,72.69,0.11,0.01,-0.82,0
36.89,9.12,57.68,0.23,-0.1,-0.29,0
30.56,7.27,0.21,-0.14,0.03,-0.8,1
23.31,10.05,85.9,-0.07,0.04,0.74,0
30.22,7.2,4.35,-0.23,-0.08,-0.45,1
33.85,4.48,59.03,-0.11,0.08,-0.57,0
26.95,6.78,7.86,-0.12,0.07,0.64,1
28.83,6.59,7.83,0.07,-0.0,-0.55,1
31.23,7.23,39.57,2.37,-0.6,17.11,0
31.1,6.84,28.09,-2.24,0.84,17.93,0
29.13,7.37,14.22,0.12,0.05,-0.64,1
26.69,7.71,19.51,-0.01,0.03,-0.88,1
27.75,7.63,8.79,0.29,-0.04,-0.59,1
25.19,6.71,19.87,-0.25,-0.01,-0.79,1
29.62,7.08,47.97,-2.85,-0.74,19.78,0
27.31,7.26,15.22,0.18,-0.02,0.43,1
26.79,6.83,4.1,0.23,0.0,-0.02,1
26.48,6.58,1.99,0.17,-0.06,0.61,1
29.91,8.03,12.58,-0.1,0.07,-0.33,1
26.22,6.97,12.11,0.07,0.1,-0.75,1
22.33,10.09,98.72,0.26,-0.06,-0.81,0
27.64,8.38,26.99,-2.59,-0.66,39.05,0
34.85,9.76,37.85,0.13,0.05,-0.45,0
29.99,8.42,18.54,0.05,-0.01,0.47,1
30.27,7.17,8.93,-0.02,-0.06,0.73,1
29.56,7.98,15.23,0.07,-0.09,-0.66,1
30.39,7.03,13.86,0.04,-0.01,0.01,1
28.42,6.9,1.39,0.05,-0.08,-0.33,1
23.42,5.03,89.61,0.28,0.01,-0.79,0
26.43,6.96,2.58,-0.11,-0.07,-0.92,1
28.83,6.62,17.92,-0.03,-0.05,-0.31,1
27.87,7.03,10.03,-0.26,0.04,0.64,1
28.2,7.58,18.68,-1.53,-0.62,16.74,0
29.02,8.28,42.3,-1.98,0.82,20.06,0
21.72,9.18,86.4,-0.25,0.07,-0.36,0
30.58,7.3,19.06,0.2,0.09,0.32,1
28.83,7.67,12.25,0.21,0.04,0.64,1
20.29,4.6,97.72,0.21,0.01,0.11,0
30.05,7.57,8.17,-0.02,-0.05,0.28,1
20.25,9.32,62.5,0.03,0.07,-0.29,0
30.39,7.25,18.79,-0.2,-0.02,0.97,1
31.98,7.69,2.27,0.17,-0.01,0.43,1
37.11,5.71,89.72,-0.07,0.08,0.85,0
26.66,7.98,17.95,-0.13,-0.01,-0.29,1
27.74,8.42,3.85,-0.07,-0.09,0.55,1
26.87,7.81,30.49,1.71,-0.59,35.38,0
28.5,6.98,5.45,0.27,0.02,-0.21,1
33.94,8.81,68.65,0.19,-0.1,0.74,0
21.72,4.39,55.78,0.29,-0.08,0.01,0
27.81,8.06,12.42,-0.13,-0.09,0.14,1
20.34,9.75,87.8,0.29,0.06,-0.33,0
27.1,6.88,40.67,-2.36,0.5,19.38,0
26.23,7.71,14.75,0.22,0.08,0.98,1
25.66,7.23,11.85,-0.22,0.05,0.85,1
27.17,6.85,18.59,-0.2,0.06,0.98,1
27.53,6.82,15.76,-0.12,-0.04,0.42,1
27.88,7.9,5.38,-0.05,0.0,0.55,1
28.74,7.42,21.57,-1.64,-0.85,32.32,0
31.16,7.82,5.05,0.07,0.04,-0.13,1
25.17,6.8,18.81,0.09,-0.1,-0.81,1
24.49,5.37,92.02,-0.24,0.1,0.4,0
27.0,7.77,13.3,-0.23,0.08,0.22,1
28.44,7.55,19.26,-0.16,0.04,0.13,1
26.36,7.11,6.44,0.22,0.08,-0.73,1
31.14,8.41,23.46,-2.75,-0.88,27.53,0
36.78,9.61,68.87,-0.12,0.08,0.77,0
31.05,6.8,14.44,-0.23,0.02,-0.68,1
30.45,8.18,13.83,0.21,0.08,-0.93,1
37.86,9.67,82.02,-0.09,-0.03,0.37,0
28.74,8.5,18.1,-0.23,0.01,-0.99,1
29.0,7.51,1.02,0.18,-0.05,-0.54,1
28.63,7.84,31.13,-1.99,-0.74,38.14,0
27.86,7.28,0.66,-0.06,-0.02,0.84,1
29.95,6.69,9.62,0.13,0.02,0.43,1
29.44,7.04,11.16,-0.17,-0.04,0.63,1
27.22,7.65,9.53,0.16,-0.09,-0.87,1
25.13,7.7,16.72,0.1,0.01,0.73,1
31.39,7.22,33.1,2.87,0.64,26.95,0
25.49,7.19,16.08,0.23,0.07,0.65,1
37.19,9.37,51.56,-0.11,-0.02,0.58,0
29.56,7.6,14.52,0.1,-0.05,0.31,1
27.62,8.41,17.18,1.68,0.99,33.33,0
27.92,8.43,18.53,0.05,0.07,0.32,1
23.32,9.41,72.67,0.12,-0.01,0.55,0
20.14,10.47,37.57,-0.06,0.06,0.93,0
28.54,7.94,7.91,-0.26,0.09,0.67,1
28.33,7.13,14.29,-0.03,-0.04,0.43,1
29.83,7.64,2.55,0.11,-0.03,-0.12,1
30.24,7.54,6.56,-0.2,-0.02,0.9,1
26.07,8.14,9.86,0.17,0.07,0.68,1
26.6,6.7,6.9,-0.27,-0.03,0.39,1
27.07,8.08,11.14,-0.05,-0.1,0.0,1
20.97,5.53,96.92,0.27,-0.01,0.73,0
30.11,7.24,29.49,1.62,-0.77,21.93,0
28.9,6.68,6.29,0.18,-0.03,0.05,1
36.46,4.24,86.14,-0.02,-0.08,0.38,0
28.03,6.65,19.84,-2.49,0.95,17.18,0
30.68,7.91,10.73,0.1,0.07,-0.56,1
28.73,7.73,11.32,-0.07,0.06,0.66,1
25.34,8.41,2.69,0.0,-0.0,0.51,1
27.09,7.85,9.8,-0.27,-0.01,-0.42,1
29.64,6.53,9.34,-0.25,-0.03,-0.38,1
31.79,8.28,18.54,0.12,0.07,0.21,1
25.94,8.46,2.39,-0.17,-0.06,0.27,1
36.92,9.54,51.17,-0.21,0.1,-0.85,0
34.75,9.9,55.54,-0.25,0.07,0.67,0
23.41,6.05,59.8,0.22,-0.05,-0.85,0
25.47,8.42,15.04,-0.09,0.07,-0.02,1
23.18,5.27,54.79,0.14,-0.01,0.77,0
34.43,8.94,86.8,0.11,0.06,-0.76,0
35.77,5.55,59.17,-0.04,-0.03,0.19,0
29.98,8.13,33.94,2.13,0.78,25.09,0
23.88,4.03,41.07,-0.07,0.06,-0.75,0
23.89,4.57,62.92,-0.04,0.02,0.42,0
27.43,8.3,13.28,0.28,0.01,-0.13,1
26.92,7.15,28.87,2.45,0.86,25.48,0
27.82,6.62,7.84,0.14,-0.1,-0.55,1
30.45,8.06,1.37,0.08,-0.07,0.96,1
29.95,8.43,15.93,-0.02,-0.0,-0.33,1
29.92,7.39,18.35,0.29,-0.08,0.98,1
26.81,6.74,6.33,0.12,0.02,0.3,1
26.6,8.49,16.54,0.15,0.06,-0.11,1
26.34,8.16,40.28,2.02,0.95,18.45,0
27.91,6.9,2.73,-0.16,0.06,0.4,1
28.69,7.86,14.31,-0.06,-0.02,-0.63,1
30.32,6.68,39.09,1.92,-0.7,21.09,0
28.2,6.8,42.43,2.8,-0.94,37.68,0
31.06,7.92,1.44,-0.27,-0.07,0.2,1
21.7,10.1,52.3,-0.04,-0.1,-0.42,0
30.21,6.78,23.84,1.81,0.54,27.35,0
25.04,7.97,16.52,-0.04,-0.08,-0.44,1
20.1,4.36,73.36,0.12,0.04,-0.53,0
31.45,7.73,14.48,-0.23,-0.04,-0.7,1
25.12,6.57,11.2,-0.3,0.06,-0.8,1
27.59,7.01,12.97,0.26,0.1,0.63,1
26.44,7.19,10.95,0.18,0.09,-0.9,1
25.08,8.29,33.9,-2.19,-0.66,17.01,0
31.67,7.96,12.37,-0.2,0.09,-0.01,1
26.4,6.9,10.56,0.16,-0.04,0.29,1
28.08,7.25,11.94,-0.25,0.1,-0.61,1
30.48,7.19,16.96,-0.25,0.04,-0.55,1
25.63,8.1,19.07,-0.26,0.07,-0.3,1
34.89,6.16,82.21,0.1,0.04,0.67,0
30.6,7.09,47.48,-2.82,0.7,36.48,0
21.27,8.97,75.9,-0.06,-0.09,-0.44,0
27.7,8.02,14.62,0.1,0.06,0.94,1
31.71,7.18,16.05,2.01,-0.85,23.0,0
28.31,7.12,16.87,2.31,-0.57,27.38,0
29.76,8.13,16.95,-0.29,0.0,0.33,1
27.75,7.87,2.36,0.13,-0.05,0.33,1
30.25,7.58,14.98,0.02,0.0,-0.96,1
30.55,8.09,13.4,-0.27,-0.02,0.03,1
26.75,6.63,38.8,2.07,-0.71,25.54,0
27.8,7.13,17.85,2.48,0.56,24.59,0
29.55,7.59,5.18,-0.21,-0.09,0.46,1
30.82,8.46,6.11,-0.25,-0.06,-0.01,1
31.05,8.22,28.29,2.81,-0.97,37.47,0
20.5,5.01,65.91,-0.23,0.03,-0.54,0
27.34,7.87,5.76,0.13,-0.01,0.04,1
28.23,8.28,1.53,-0.26,-0.04,-0.58,1
27.11,6.97,7.08,0.18,-0.01,-0.52,1
31.13,6.77,7.84,0.08,-0.06,0.71,1
29.79,6.58,4.47,-0.18,0.03,-0.62,1
25.61,8.16,15.96,-0.29,-0.03,-0.97,1
27.78,8.4,3.2,-0.12,0.06,0.59,1
26.96,8.43,9.63,0.06,0.03,0.16,1
25.17,7.7,19.58,0.13,0.09,-0.28,1
26.44,6.95,23.93,2.45,0.78,29.34,0
29.13,8.0,42.89,2.27,0.54,35.64,0
25.92,8.23,4.68,-0.07,-0.02,-0.97,1
35.92,9.49,93.07,0.02,-0.1,-0.85,0
25.4,6.9,8.62,-0.19,-0.06,-0.35,1
27.75,7.56,16.57,-0.06,-0.08,0.65,1
30.66,6.96,48.7,-1.89,0.6,31.02,0
25.84,8.35,2.79,-0.06,0.08,0.04,1
28.56,7.52,48.45,2.67,-0.57,25.13,0
26.68,8.1,19.85,-0.12,-0.04,0.52,1
30.44,8.15,36.45,2.83,0.84,32.44,0
35.69,9.57,49.07,-0.21,0.04,-0.67,0
27.69,6.92,16.99,-0.04,0.0,-0.81,1
26.07,6.98,14.02,0.29,0.02,-0.39,1
28.95,6.55,32.82,2.85,-0.66,16.64,0
31.61,8.06,0.98,0.02,0.06,0.9,1
26.63,6.84,36.34,2.67,0.56,38.9,0
29.22,8.16,18.76,0.16,0.08,0.5,1
26.66,8.16,19.51,0.02,-0.06,0.64,1
30.25,7.3,47.99,-1.85,0.91,20.21,0
25.68,6.62,3.31,0.21,0.0,0.16,1
23.86,8.93,39.41,-0.12,0.07,0.21,0
25.04,6.6,5.28,0.1,0.06,0.54,1
22.78,10.43,64.24,-0.05,0.07,0.4,0
24.16,5.19,86.14,-0.23,0.06,0.82,0
26.48,8.17,13.89,-0.26,-0.01,-0.85,1
31.41,7.63,26.17,2.18,-0.82,30.26,0
31.16,7.77,38.87,-1.95,-0.77,37.41,0
27.88,8.36,12.04,-0.27,0.08,-0.27,1
20.48,9.66,54.28,0.26,-0.05,0.22,0
31.96,8.0,17.25,0.24,-0.1,-0.78,1
26.85,8.41,19.67,-0.26,0.01,-0.0,1
27.01,6.94,2.72,-0.11,-0.06,0.27,1
20.93,5.33,47.25,0.04,-0.07,-0.44,0
30.4,7.78,28.75,-1.82,0.55,25.09,0
27.67,7.4,18.34,0.17,0.02,0.81,1
31.61,7.42,6.45,0.23,-0.05,-0.17,1
26.44,8.18,19.93,-0.26,-0.03,-0.47,1
28.16,7.37,0.83,-0.15,-0.06,0.78,1
25.62,7.94,7.05,-0.12,0.01,0.69,1
31.72,7.96,5.98,0.01,0.02,-0.62,1
34.27,5.97,92.36,-0.29,-0.07,0.71,0
27.02,8.25,39.77,2.76,-0.54,18.54,0
34.97,8.92,58.45,-0.27,0.08,-0.18,0
20.2,10.29,80.27,-0.27,-0.05,0.07,0
29.79,8.25,33.56,-2.09,0.94,33.01,0
27.9,6.89,15.42,0.04,0.01,-0.55,1
26.6,8.2,3.1,-0.28,-0.09,-0.49,1
27.91,7.39,2.68,0.02,0.01,0.12,1
25.7,7.57,25.33,-1.78,-0.86,24.07,0
31.88,7.48,17.57,0.09,0.08,-0.94,1
31.95,7.74,5.99,0.07,0.01,0.7,1
31.61,6.54,42.61,-1.65,-0.57,32.93,0
28.12,6.89,9.63,0.17,-0.02,0.05,1
25.63,7.01,18.03,-0.11,0.03,-0.27,1
28.55,7.57,14.59,-0.22,0.06,0.53,1
28.04,7.87,12.06,0.04,0.06,0.2,1
28.95,7.16,12.78,0.12,-0.05,-0.48,1
27.74,8.38,9.13,-0.26,-0.01,0.84,1
27.07,6.87,6.17,0.11,0.06,0.27,1
26.62,7.59,12.87,-0.03,-0.01,-0.18,1
29.39,6.91,16.32,-0.09,-0.0,-0.62,1
20.25,4.3,56.12,0.2,0.07,-0.44,0
31.12,7.58,2.68,0.09,-0.05,0.07,1
30.1,6.59,22.63,2.59,0.88,35.19,0
36.48,9.66,55.09,-0.27,-0.02,-0.18,0
29.08,7.39,5.29,-0.19,-0.01,-0.67,1
26.49,8.42,2.87,0.18,0.06,-0.5,1
31.93,8.09,3.57,-0.28,0.01,-0.92,1
29.33,6.93,42.68,1.81,-0.71,23.52,0
29.4,6.68,7.73,0.3,0.07,0.68,1
21.36,6.01,99.56,0.0,0.07,0.98,0
30.69,7.56,46.18,2.13,0.69,27.92,0
26.29,7.32,4.24,-0.26,0.07,0.66,1
28.61,7.09,15.27,-0.2,-0.04,0.36,1
33.42,5.97,52.0,-0.15,-0.06,0.23,0
28.17,7.21,15.54,0.15,-0.03,-0.3,1
26.91,7.46,23.47,2.17,0.91,20.43,0
34.67,5.99,45.54,-0.17,0.01,-0.24,0
29.24,6.57,14.56,0.28,-0.09,-0.55,1
25.83,7.78,1.81,0.25,0.09,0.89,1
35.56,5.42,43.52,-0.05,-0.03,-0.55,0
27.29,7.87,10.36,-0.09,0.07,-0.13,1
33.69,4.56,49.92,0.16,-0.05,0.72,0
26.94,8.08,9.35,-0.19,0.05,-0.52,1
27.69,8.44,15.66,0.04,-0.09,-0.27,1
31.13,8.44,17.18,1.73,0.94,29.3,0
22.92,9.77,53.44,-0.18,0.03,0.07,0
26.26,6.92,32.85,1.67,0.64,17.01,0
31.52,8.27,4.42,-0.08,0.01,-0.37,1
25.41,6.83,2.59,0.2,-0.09,0.53,1
26.58,6.56,8.57,0.08,-0.1,-0.82,1
22.28,9.68,53.85,-0.18,0.1,-0.24,0
27.9,7.82,21.59,2.08,-0.56,16.2,0
25.02,8.39,19.68,0.15,-0.07,-0.78,1
20.25,4.62,93.73,0.02,-0.03,-0.59,0
26.33,7.95,10.98,0.26,-0.03,0.86,1
28.38,6.65,0.46,-0.2,-0.07,0.7,1
28.72,7.25,3.98,0.26,-0.09,-0.54,1
25.76,7.76,7.03,-0.12,0.01,0.37,1
30.02,7.12,10.96,-0.03,-0.04,0.1,1
31.73,8.03,15.5,0.23,-0.05,-0.29,1
20.95,10.18,44.33,-0.16,0.09,-0.5,0
28.94,8.08,2.14,-0.28,0.03,0.14,1
30.31,7.53,16.32,-0.18,-0.09,0.29,1
32.59,10.0,78.58,-0.09,-0.09,-0.0,0
37.8,10.36,61.03,0.13,-0.04,-0.79,0
30.56,6.88,8.03,-0.22,-0.04,-0.39,1
27.56,7.54,1.33,0.28,0.05,0.48,1
28.59,6.96,27.67,2.16,-0.93,38.49,0
27.35,7.85,41.91,-1.64,-0.59,23.92,0
35.83,5.47,79.5,-0.09,-0.03,0.21,0
30.64,7.67,5.58,0.04,0.06,-0.51,1
22.74,9.47,81.36,-0.22,-0.0,0.73,0
28.89,8.24,33.88,-2.98,-0.72,38.37,0
34.36,9.18,66.81,0.08,-0.04,0.81,0
26.85,7.86,37.91,1.96,-0.82,15.61,0
37.16,9.8,93.29,-0.23,0.0,0.47,0
32.73,4.33,63.82,-0.26,0.06,-0.3,0
30.32,6.9,7.04,-0.07,0.08,0.14,1
26.22,8.48,18.17,-0.06,0.05,0.77,1
30.1,8.48,16.67,0.26,-0.04,0.98,1
31.51,6.53,10.52,0.27,0.04,0.84,1
29.96,6.71,1.75,-0.25,-0.08,0.39,1
29.71,8.12,4.2,-0.05,-0.02,-0.33,1
29.09,6.91,12.58,-0.1,0.08,0.33,1
26.4,8.4,44.15,-1.91,-0.66,22.28,0
33.96,4.11,37.13,-0.04,-0.01,-0.08,0
25.98,8.24,19.76,-0.2,-0.02,0.66,1
29.03,8.14,2.56,0.24,-0.01,-0.75,1
31.59,6.83,29.21,2.83,0.8,18.67,0
32.94,9.98,39.73,0.01,-0.04,-0.29,0
26.67,7.47,11.6,0.07,0.01,0.01,1
28.87,8.07,16.14,-0.06,0.05,-0.2,1
27.46,8.28,37.44,2.24,-0.75,24.5,0
25.26,6.78,8.87,0.08,-0.08,0.67,1
28.77,8.21,6.81,0.29,0.06,-0.45,1
34.2,8.86,75.06,0.18,0.04,0.95,0
21.9,9.91,64.27,-0.11,-0.05,0.85,0
20.14,10.17,42.32,-0.06,0.07,-0.12,0
30.75,7.27,16.17,-0.13,-0.07,-0.98,1
28.92,7.93,14.63,-0.03,0.08,0.47,1
30.67,8.17,13.33,0.13,-0.04,0.69,1
29.0,8.07,15.55,-0.08,0.04,0.98,1
32.75,5.9,57.11,0.22,-0.06,-0.31,0
31.81,6.97,14.8,0.16,0.02,-0.62,1
23.78,9.6,73.09,0.17,0.04,-0.25,0
27.63,7.3,28.01,2.8,0.63,15.73,0
31.99,8.1,17.73,0.16,0.01,0.72,1
26.25,7.73,19.49,0.18,-0.09,-0.34,1
29.81,7.48,1.77,-0.07,0.1,0.2,1
31.34,7.23,0.49,-0.24,-0.03,-0.02,1
29.42,6.62,10.96,-0.04,-0.1,-0.72,1
31.45,8.49,12.31,0.15,0.02,0.26,1
21.71,9.43,60.72,0.2,-0.05,-0.71,0
31.72,7.22,5.89,-0.28,0.07,-0.2,1
28.81,7.42,6.5,-0.21,0.02,-0.42,1
25.17,8.14,17.94,-0.14,0.08,0.89,1
29.18,7.57,19.4,-0.07,-0.05,0.33,1
29.17,7.79,5.37,0.05,-0.07,0.11,1
30.84,7.64,43.58,-1.88,-0.94,22.35,0
26.43,8.18,0.98,-0.05,-0.02,-0.3,1
25.19,7.84,2.1,0.08,-0.04,0.29,1
29.99,7.41,16.59,1.8,0.76,28.64,0
31.31,8.21,18.18,2.44,0.56,39.9,0
20.78,10.34,68.6,-0.08,-0.05,-0.55,0
30.99,8.15,10.37,0.25,-0.09,-0.39,1
25.57,6.85,17.9,2.07,-0.93,22.16,0
35.75,9.65,64.29,0.07,0.05,0.68,0
25.88,7.98,18.5,0.22,0.08,0.21,1
